dbo,abbie,abbie_index,CLUSTERED,,yes,1,serial#,ASC,KEY
dbo,abbie,abbie_index,CLUSTERED,,yes,2,run_code,ASC,KEY
dbo,abbie,abbie_index,CLUSTERED,,yes,3,applicability_date,ASC,KEY
dbo,abbie,abbie_index,CLUSTERED,,yes,4,olga_ord,ASC,KEY
dbo,abbie,abbie_index,CLUSTERED,,yes,5,except_start_date,ASC,KEY
dbo,account,account_index,CLUSTERED,,yes,1,account,ASC,KEY
dbo,account_user,account_user_index,CLUSTERED,,yes,1,account,ASC,KEY
dbo,account_user,account_user_index,CLUSTERED,,yes,2,user_id,ASC,KEY
dbo,account_year,account_year_index,CLUSTERED,,yes,1,account,ASC,KEY
dbo,account_year,account_year_index,CLUSTERED,,yes,2,year,ASC,KEY
dbo,acmail,acmail_item#_uindex,NONCLUSTERED,,yes,1,item_no,ASC,KEY
dbo,acmail,acmail_item_n_19378063611,CLUSTERED,,yes,1,item_no,ASC,KEY
dbo,acq_parameter,PK_acq_parameter,CLUSTERED,,yes,1,print_workslip,ASC,KEY
dbo,acs_marc_extraction,PKacs_marc_usage,CLUSTERED,,yes,1,selfcheck_profile,ASC,KEY
dbo,acs_marc_extraction,PKacs_marc_usage,CLUSTERED,,yes,2,location,ASC,KEY
dbo,acs_marc_extraction,PKacs_marc_usage,CLUSTERED,,yes,3,acs_ncip_data_code,ASC,KEY
dbo,acs_ncip_data_code,PK_acs_ncip_data_code,CLUSTERED,,yes,1,acs_ncip_data_code,ASC,KEY
dbo,acs_ncip_data_code,UK_ncip_data_scheme,NONCLUSTERED,,yes,1,ncip_data_scheme,ASC,KEY
dbo,action_3m,action_3m_index,CLUSTERED,,yes,1,action,ASC,KEY
dbo,address,address_index,NONCLUSTERED,,yes,1,address_code,ASC,KEY
dbo,address,address_loc_index,CLUSTERED,,yes,1,location,ASC,KEY
dbo,address,address_loc_index,CLUSTERED,,yes,2,address_code,ASC,KEY
dbo,address,address_loc_index,CLUSTERED,,yes,3,ord,ASC,KEY
dbo,advanced_booking,advanced_booking_borr_index,NONCLUSTERED,,,1,borrower#,ASC,KEY
dbo,advanced_booking,advanced_booking_index,CLUSTERED,,yes,1,location,ASC,KEY
dbo,advanced_booking,advanced_booking_index,CLUSTERED,,yes,2,bib#,ASC,KEY
dbo,advanced_booking,advanced_booking_index,CLUSTERED,,yes,3,itype,ASC,KEY
dbo,advanced_booking,advanced_booking_index,CLUSTERED,,yes,4,pickup_date,ASC,KEY
dbo,advanced_booking,advanced_booking_index,CLUSTERED,,yes,5,pickup_time,ASC,KEY
dbo,advanced_booking,advanced_booking_index,CLUSTERED,,yes,6,borrower#,ASC,KEY
dbo,advanced_booking,advanced_booking_index,CLUSTERED,,yes,7,booked_item#,ASC,KEY
dbo,advanced_booking,advanced_booking_item_index,NONCLUSTERED,,,1,cko_item#,ASC,KEY
dbo,ala_charset,ala_charset_index,CLUSTERED,,yes,1,ord,ASC,KEY
dbo,ala_non_spacing,ala_non_spacing_index,CLUSTERED,,yes,1,ala_x_char,ASC,KEY
dbo,ala_to_cp,ala_to_cp_index,CLUSTERED,,yes,1,ala_x_string,ASC,KEY
dbo,ala_to_cp,ala_to_cp_index,CLUSTERED,,yes,2,codepage,ASC,KEY
dbo,all_title,all_title_bib#_index,NONCLUSTERED,,,1,bib#,ASC,KEY
dbo,all_title,all_title_index,CLUSTERED,,,1,processed,ASC,KEY
dbo,all_title,all_title_index,CLUSTERED,,,2,id#,ASC,KEY
dbo,all_title,all_title_row_id_index,NONCLUSTERED,,yes,1,id#,ASC,KEY
dbo,arch_item,arch_item_index,CLUSTERED,,yes,1,mq_group#,ASC,KEY
dbo,arch_item,arch_item_index,CLUSTERED,,yes,2,item#,ASC,KEY
dbo,archive_column_list,archive_column_list_index,NONCLUSTERED,,yes,1,mq_group#,ASC,KEY
dbo,archive_item,archive_item_index,CLUSTERED,,yes,1,item#,ASC,KEY
dbo,article,article_index,CLUSTERED,,yes,1,article,ASC,KEY
dbo,article_exception,article_exception,CLUSTERED,,yes,1,article,ASC,KEY
dbo,article_exception,article_exception,CLUSTERED,,yes,2,exception,ASC,KEY
dbo,auth,auth_cat_link_xref_idx,NONCLUSTERED,,,1,cat_link_xref#,ASC,KEY
dbo,auth,auth_idx,CLUSTERED,,yes,1,auth#,ASC,KEY
dbo,auth,auth_idx,CLUSTERED,,yes,2,tag,ASC,KEY
dbo,auth,auth_idx,CLUSTERED,,yes,3,tagord,ASC,KEY
dbo,auth,auth_tag_idx,NONCLUSTERED,,,1,tag,ASC,KEY
dbo,auth,auth_xref_idx,NONCLUSTERED,,,1,cat_link_type#,ASC,KEY
dbo,auth,auth_xref_idx,NONCLUSTERED,,,2,cat_link_xref#,ASC,KEY
dbo,auth_control,auth_control_index,CLUSTERED,,,1,text,ASC,KEY
dbo,auth_control,auth_index,NONCLUSTERED,,yes,1,auth#,ASC,KEY
dbo,auth_import_control,auth_import_control_index,CLUSTERED,,yes,1,tag,ASC,KEY
dbo,auth_import_control,auth_import_control_index,CLUSTERED,,yes,2,subfield,ASC,KEY
dbo,auth_import_control,auth_import_control_index,CLUSTERED,,yes,3,value,ASC,KEY
dbo,auth_longtext,auth_longtext_idx,CLUSTERED,,yes,1,auth#,ASC,KEY
dbo,auth_longtext,auth_longtext_idx,CLUSTERED,,yes,2,tag,ASC,KEY
dbo,auth_longtext,auth_longtext_idx,CLUSTERED,,yes,3,tagord,ASC,KEY
dbo,auth_match_point,auth_match_point_index,CLUSTERED,,yes,1,import_source,ASC,KEY
dbo,auth_match_point,auth_match_point_index,CLUSTERED,,yes,2,ord,ASC,KEY
dbo,auth_status,PK_AUTH_STATUS,CLUSTERED,,yes,1,auth_status,ASC,KEY
dbo,auth_tag_menu,auth_tag_menu_index,CLUSTERED,,yes,1,auth_tag_menu,ASC,KEY
dbo,auth_workform,auth_workform_index,CLUSTERED,,yes,1,auth#,ASC,KEY
dbo,auth_workform,auth_workform_index,CLUSTERED,,yes,2,tag,ASC,KEY
dbo,auth_workform,auth_workform_index,CLUSTERED,,yes,3,tagord,ASC,KEY
dbo,auth_workform,auth_workform_tag_index,NONCLUSTERED,,,1,auth#,ASC,KEY
dbo,auth_workform,auth_workform_tag_index,NONCLUSTERED,,,2,tag,ASC,KEY
dbo,auth_workform_control,auth_workform_control_index,CLUSTERED,,yes,1,auth#,ASC,KEY
dbo,authnum_inverted,authnum_inverted_auth_index,NONCLUSTERED,,,1,auth#,ASC,KEY
dbo,authnum_inverted,authnum_processed_index,CLUSTERED,,yes,1,authnum_processed,ASC,KEY
dbo,authnum_inverted,authnum_processed_index,CLUSTERED,,yes,2,auth#,ASC,KEY
dbo,author,author_auth_index,NONCLUSTERED,,yes,1,auth#,ASC,KEY
dbo,author,author_index,CLUSTERED,,,1,processed,ASC,KEY
dbo,author,author_index,CLUSTERED,,,2,auth#,ASC,KEY
dbo,author_inverted,author_inverted_indx,CLUSTERED,,yes,1,author,ASC,KEY
dbo,author_inverted,author_inverted_indx,CLUSTERED,,yes,2,auth#,ASC,KEY
dbo,author_inverted,author_inverted_key_indx,NONCLUSTERED,,,1,auth#,ASC,KEY
dbo,author_word,author_word_auth_index,NONCLUSTERED,,,1,auth#,ASC,KEY
dbo,author_word,author_word_index,CLUSTERED,,yes,1,word#,ASC,KEY
dbo,author_word,author_word_index,CLUSTERED,,yes,2,auth#,ASC,KEY
dbo,auths_to_merge,auths_to_merge__index,CLUSTERED,,yes,1,auth#,ASC,KEY
dbo,authum_inverted1,authum_inverted_auth#_index,NONCLUSTERED,,,1,auth#,ASC,KEY
dbo,authum_inverted1,authum_processed_auth#,CLUSTERED,,yes,1,authnum_processed,ASC,KEY
dbo,authum_inverted1,authum_processed_auth#,CLUSTERED,,yes,2,auth#,ASC,KEY
dbo,bb_update,bb_idx,NONCLUSTERED,,,1,borrower#,ASC,KEY
dbo,bcode,bcode_index,CLUSTERED,,yes,1,bcode,ASC,KEY
dbo,bib,bib_cat_link_xref_idx,NONCLUSTERED,,,1,cat_link_xref#,ASC,KEY
dbo,bib,bib_idx,CLUSTERED,,yes,1,bib#,ASC,KEY
dbo,bib,bib_idx,CLUSTERED,,yes,2,tag,ASC,KEY
dbo,bib,bib_idx,CLUSTERED,,yes,3,tagord,ASC,KEY
dbo,bib,bib_xref_idx,NONCLUSTERED,,,1,cat_link_type#,ASC,KEY
dbo,bib,bib_xref_idx,NONCLUSTERED,,,2,cat_link_xref#,ASC,KEY
dbo,bib_008,idx,NONCLUSTERED,,,1,bib#,ASC,KEY
dbo,bib_all3,i_idx,CLUSTERED,,,1,bib#,ASC,KEY
dbo,bib_auth,bib_auth_bib#_index,NONCLUSTERED,,,1,bib#,ASC,KEY
dbo,bib_auth,bib_auth_bib_index,NONCLUSTERED,,,1,bib#,ASC,KEY
dbo,bib_auth,bib_auth_index,CLUSTERED,,yes,1,auth#,ASC,KEY
dbo,bib_auth,bib_auth_index,CLUSTERED,,yes,2,auth_type,ASC,KEY
dbo,bib_auth,bib_auth_index,CLUSTERED,,yes,3,bib#,ASC,KEY
dbo,bib_auth_invalid_audit,audit_date_time_index,CLUSTERED,,,1,date,ASC,KEY
dbo,bib_auth_invalid_audit,audit_date_time_index,CLUSTERED,,,2,time,ASC,KEY
dbo,bib_auth_invalid_audit,audit_logNum_index,NONCLUSTERED,,yes,1,audit_log#,ASC,KEY
dbo,bib_auth_invalid_audit,audit_type_index,NONCLUSTERED,,,1,entry_type,ASC,KEY
dbo,bib_auth_shared_name,bib_auth_shared_name_index,CLUSTERED,,yes,1,vset_name,ASC,KEY
dbo,bib_auth_shared_value,bib_auth_shared_value_index,CLUSTERED,,yes,1,vset_name,ASC,KEY
dbo,bib_auth_shared_value,bib_auth_shared_value_index,CLUSTERED,,yes,2,value,ASC,KEY
dbo,bib_backup_ghjk,idx,NONCLUSTERED,,,1,bib#,ASC,KEY
dbo,bib_backup_ghjk2,idx,NONCLUSTERED,,,1,bib#,ASC,KEY
dbo,bib_chi,idx,NONCLUSTERED,,,1,bib#,ASC,KEY
dbo,bib_chi_date,idx,NONCLUSTERED,,,1,bib#,ASC,KEY
dbo,bib_co_tag,bib_co_tag_index,CLUSTERED,,yes,1,tag,ASC,KEY
dbo,bib_co_tag,bib_co_tag_index,CLUSTERED,,yes,2,co_tag,ASC,KEY
dbo,bib_co_tag_subfield,bib_co_tag_subfield_index,CLUSTERED,,yes,1,tag,ASC,KEY
dbo,bib_co_tag_subfield,bib_co_tag_subfield_index,CLUSTERED,,yes,2,co_tag,ASC,KEY
dbo,bib_co_tag_subfield,bib_co_tag_subfield_index,CLUSTERED,,yes,3,subfield,ASC,KEY
dbo,bib_compound_subfield,bib_compound_subfield_index,CLUSTERED,,yes,1,tag,ASC,KEY
dbo,bib_compound_subfield,bib_compound_subfield_index,CLUSTERED,,yes,2,co_tag,ASC,KEY
dbo,bib_compound_subfield,bib_compound_subfield_index,CLUSTERED,,yes,3,subfield,ASC,KEY
dbo,bib_control,bib_control_index,NONCLUSTERED,,yes,1,bib#,ASC,KEY
dbo,bib_control,bib_control_selection_index,NONCLUSTERED,,,1,selection,ASC,KEY
dbo,bib_control,idx,NONCLUSTERED,,,1,bib#,ASC,KEY
dbo,bib_ebrary,idx,NONCLUSTERED,,,1,bib#,ASC,KEY
dbo,bib_ebrary,idxt,NONCLUSTERED,,,1,text,ASC,KEY
dbo,bib_format_code,bib_format_code_index,CLUSTERED,,yes,1,format,ASC,KEY
dbo,bib_gw_date,idx,NONCLUSTERED,,,1,bib#,ASC,KEY
dbo,bib_import_control,bib_import_control_index,CLUSTERED,,yes,1,tag,ASC,KEY
dbo,bib_import_control,bib_import_control_index,CLUSTERED,,yes,2,subfield,ASC,KEY
dbo,bib_import_control,bib_import_control_index,CLUSTERED,,yes,3,value,ASC,KEY
dbo,bib_long,idx,NONCLUSTERED,,,1,bib#,ASC,KEY
dbo,bib_longtext,bib_longtext_idx,CLUSTERED,,yes,1,bib#,ASC,KEY
dbo,bib_longtext,bib_longtext_idx,CLUSTERED,,yes,2,tag,ASC,KEY
dbo,bib_longtext,bib_longtext_idx,CLUSTERED,,yes,3,tagord,ASC,KEY
dbo,bib_match_point,bib_match_point_index,CLUSTERED,,yes,1,import_source,ASC,KEY
dbo,bib_match_point,bib_match_point_index,CLUSTERED,,yes,2,ord,ASC,KEY
dbo,bib_no008,bib_idx,CLUSTERED,,yes,1,bib#,ASC,KEY
dbo,bib_oxford,idx,NONCLUSTERED,,,1,bib#,ASC,KEY
dbo,bib_oxford2,idx,NONCLUSTERED,,,1,bib#,ASC,KEY
dbo,bib_status,PK_BIB_STATUS,CLUSTERED,,yes,1,bib_status,ASC,KEY
dbo,bib_tag_menu,bib_tag_menu_index,CLUSTERED,,yes,1,bib_tag_menu,ASC,KEY
dbo,bib_word,bib_word_bib_index,NONCLUSTERED,,,1,bib#,ASC,KEY
dbo,bib_word,bib_word_index,CLUSTERED,,yes,1,word#,ASC,KEY
dbo,bib_word,bib_word_index,CLUSTERED,,yes,2,bib#,ASC,KEY
dbo,binder,binder_binder#_idx,CLUSTERED,,yes,1,binder#,ASC,KEY
dbo,binding_bundle,binding_bundle_copy#_idx,NONCLUSTERED,,,1,copy#,ASC,KEY
dbo,binding_bundle,binding_bundle_idx,CLUSTERED,,yes,1,binding_bundle#,ASC,KEY
dbo,binding_bundle,binding_bundle_lot#_idx,NONCLUSTERED,,,1,binding_lot#,ASC,KEY
dbo,binding_bundle_instructions,binding_bundle_instr_idx,CLUSTERED,,yes,1,binding_bundle#,ASC,KEY
dbo,binding_bundle_instructions,binding_bundle_instr_idx,CLUSTERED,,yes,2,ord,ASC,KEY
dbo,binding_claim_type,binding_claim_type_idx,CLUSTERED,,yes,1,binding_claim_type,ASC,KEY
dbo,binding_copy,binding_copy_copy#_idx,CLUSTERED,,yes,1,copy#,ASC,KEY
dbo,binding_copy_instructions,binding_copy_instructions_idx,CLUSTERED,,yes,1,copy#,ASC,KEY
dbo,binding_copy_instructions,binding_copy_instructions_idx,CLUSTERED,,yes,2,ord,ASC,KEY
dbo,binding_foil_color,binding_foil_idx,CLUSTERED,,yes,1,binding_foil_color,ASC,KEY
dbo,binding_font,binding_font_idx,CLUSTERED,,yes,1,binding_font,ASC,KEY
dbo,binding_form,binding_form_idx,CLUSTERED,,yes,1,binding_form,ASC,KEY
dbo,binding_form_instructions,binding_form_instruction_idx,CLUSTERED,,yes,1,binding_form,ASC,KEY
dbo,binding_form_instructions,binding_form_instruction_idx,CLUSTERED,,yes,2,ord,ASC,KEY
dbo,binding_lot,binding_lot_binder#_idx,NONCLUSTERED,,,1,binder#,ASC,KEY
dbo,binding_lot,binding_lot_lot#_idx,CLUSTERED,,yes,1,binding_lot#,ASC,KEY
dbo,binding_material,binding_material_idx,CLUSTERED,,yes,1,binding_material,ASC,KEY
dbo,binding_material_color,binding_material_color_idx,CLUSTERED,,yes,1,binding_material_color,ASC,KEY
dbo,binding_method,binding_method_idx,CLUSTERED,,yes,1,binding_method,ASC,KEY
dbo,binding_status,binding_status_idx,CLUSTERED,,yes,1,binding_status,ASC,KEY
dbo,binding_trigger,binding_trigger_idx,CLUSTERED,,yes,1,binding_trigger,ASC,KEY
dbo,block,block_index,CLUSTERED,,yes,1,block,ASC,KEY
dbo,block_item_location,block_item_location_index,CLUSTERED,,yes,1,location,ASC,KEY
dbo,block_item_location,block_item_location_index,CLUSTERED,,yes,2,block_item_location,ASC,KEY
dbo,block_notice_language,block_notice_language_index,CLUSTERED,,yes,1,block,ASC,KEY
dbo,block_notice_language,block_notice_language_index,CLUSTERED,,yes,2,location,ASC,KEY
dbo,block_notice_language,block_notice_language_index,CLUSTERED,,yes,3,btype,ASC,KEY
dbo,booking_calendar,booking_calendar_index,CLUSTERED,,yes,1,booking_calendar,ASC,KEY
dbo,booking_calendar_dates,booking_calendar_dates_index,CLUSTERED,,yes,1,booking_calendar,ASC,KEY
dbo,booking_calendar_dates,booking_calendar_dates_index,CLUSTERED,,yes,2,start_date,ASC,KEY
dbo,booking_schedule,booking_schedule_index,CLUSTERED,,yes,1,booking_schedule,ASC,KEY
dbo,booking_schedule_period,booking_schedule_period_index,CLUSTERED,,yes,1,booking_schedule,ASC,KEY
dbo,booking_schedule_period,booking_schedule_period_index,CLUSTERED,,yes,2,sunday,ASC,KEY
dbo,booking_schedule_period,booking_schedule_period_index,CLUSTERED,,yes,3,monday,ASC,KEY
dbo,booking_schedule_period,booking_schedule_period_index,CLUSTERED,,yes,4,tuesday,ASC,KEY
dbo,booking_schedule_period,booking_schedule_period_index,CLUSTERED,,yes,5,wednesday,ASC,KEY
dbo,booking_schedule_period,booking_schedule_period_index,CLUSTERED,,yes,6,thursday,ASC,KEY
dbo,booking_schedule_period,booking_schedule_period_index,CLUSTERED,,yes,7,friday,ASC,KEY
dbo,booking_schedule_period,booking_schedule_period_index,CLUSTERED,,yes,8,saturday,ASC,KEY
dbo,booking_schedule_period,booking_schedule_period_index,CLUSTERED,,yes,9,start_time,ASC,KEY
dbo,borr_duplication_alert,PK_borr_duplication_alert,CLUSTERED,,yes,1,code,ASC,KEY
dbo,borr_ldap_mapping,PK_BORR_LDAP_MAP,CLUSTERED,,yes,1,ldap_profile,ASC,KEY
dbo,borr_ldap_mapping,PK_BORR_LDAP_MAP,CLUSTERED,,yes,2,table_name,ASC,KEY
dbo,borr_ldap_mapping,PK_BORR_LDAP_MAP,CLUSTERED,,yes,3,column_name,ASC,KEY
dbo,borr_ldap_mapping,PK_BORR_LDAP_MAP,CLUSTERED,,yes,4,column_ord,ASC,KEY
dbo,borr_password_history,PK_borr_password_history,CLUSTERED,,yes,1,borrower#,ASC,KEY
dbo,borr_password_history,PK_borr_password_history,CLUSTERED,,yes,2,ord,ASC,KEY
dbo,borrower,borrower_bc_patron_id_index,NONCLUSTERED,,,1,bc_patron_id,ASC,KEY
dbo,borrower,borrower_birth_index,NONCLUSTERED,,,1,birth_date,ASC,KEY
dbo,borrower,borrower_borrower#_index,NONCLUSTERED,,yes,1,borrower#,ASC,KEY
dbo,borrower,borrower_btype_loc_index,NONCLUSTERED,,,1,btype,ASC,KEY
dbo,borrower,borrower_btype_loc_index,NONCLUSTERED,,,2,location,ASC,KEY
dbo,borrower,borrower_index,NONCLUSTERED,,,1,name,ASC,KEY
dbo,borrower,borrower_index,NONCLUSTERED,,,2,borrower#,ASC,KEY
dbo,borrower,borrower_ldap_dn_index,NONCLUSTERED,,,1,borr_ldap_dn,ASC,KEY
dbo,borrower,borrower_legal_name_index,NONCLUSTERED,,,1,legal_name,ASC,KEY
dbo,borrower,borrower_legal_name_index,NONCLUSTERED,,,2,borrower#,ASC,KEY
dbo,borrower,borrower_location_index,NONCLUSTERED,,,1,location,ASC,KEY
dbo,borrower,borrower_name_index,NONCLUSTERED,,,1,name,ASC,KEY
dbo,borrower,borrower_preferred_id_index,NONCLUSTERED,,,1,preferred_id,ASC,KEY
dbo,borrower,borrower_second_id_index,NONCLUSTERED,,yes,1,second_id,ASC,KEY
dbo,borrower,webauthID_idx,NONCLUSTERED,,,1,webauthID,ASC,KEY
dbo,borrower_911,borrower_911_index,CLUSTERED,,yes,1,borrower#,ASC,KEY
dbo,borrower_911,borrower_911_index,CLUSTERED,,yes,2,security_group,ASC,KEY
dbo,borrower_address,borrower_address_email_index,NONCLUSTERED,,,1,email_address,ASC,KEY
dbo,borrower_address,borrower_address_fields_index,NONCLUSTERED,,,1,address1,ASC,KEY
dbo,borrower_address,borrower_address_fields_index,NONCLUSTERED,,,2,address2,ASC,KEY
dbo,borrower_address,borrower_address_fields_index,NONCLUSTERED,,,3,address3,ASC,KEY
dbo,borrower_address,borrower_address_fields_index,NONCLUSTERED,,,4,address4,ASC,KEY
dbo,borrower_address,borrower_address_fields_index,NONCLUSTERED,,,5,postal_code,ASC,KEY
dbo,borrower_address,borrower_address_fields_index,NONCLUSTERED,,,6,city_st,ASC,KEY
dbo,borrower_address,borrower_address_index,NONCLUSTERED,,yes,1,borrower#,ASC,KEY
dbo,borrower_address,borrower_address_index,NONCLUSTERED,,yes,2,ord,ASC,KEY
dbo,borrower_address_temp,bor_addr_temp_index,CLUSTERED,,yes,1,borrower#,ASC,KEY
dbo,borrower_address_temp,bor_addr_temp_index,CLUSTERED,,yes,2,ord,ASC,KEY
dbo,borrower_alert_config,borrower_alert_config_index,CLUSTERED,,yes,1,borrower_email_alert,ASC,KEY
dbo,borrower_auth,borrower_auth_auth_index,NONCLUSTERED,,,1,auth#,ASC,KEY
dbo,borrower_auth,borrower_auth_auth_index,NONCLUSTERED,,,2,auth_type,ASC,KEY
dbo,borrower_auth,borrower_auth_pk,CLUSTERED,,yes,1,borrower#,ASC,KEY
dbo,borrower_auth,borrower_auth_pk,CLUSTERED,,yes,2,auth#,ASC,KEY
dbo,borrower_auth,borrower_auth_pk,CLUSTERED,,yes,3,auth_type,ASC,KEY
dbo,borrower_auth_heading,borrower_auth_heading_pl,CLUSTERED,,yes,1,auth#,ASC,KEY
dbo,borrower_auth_heading,borrower_auth_heading_pl,CLUSTERED,,yes,2,auth_type,ASC,KEY
dbo,borrower_barcode,bbarcode_index,NONCLUSTERED,,yes,1,bbarcode,ASC,KEY
dbo,borrower_barcode,boba_proxy_borrower#_index,NONCLUSTERED,,,1,proxy_borrower#,ASC,KEY
dbo,borrower_barcode,PKborrower_barcode,CLUSTERED,,yes,1,borrower#,ASC,KEY
dbo,borrower_barcode,PKborrower_barcode,CLUSTERED,,yes,2,ord,ASC,KEY
dbo,borrower_bcode,borrower_bcode_index,CLUSTERED,,yes,1,borrower#,ASC,KEY
dbo,borrower_bcode,borrower_bcode_index,CLUSTERED,,yes,2,bcode,ASC,KEY
dbo,borrower_bib_toc,bobibtoc_borrower#_index,NONCLUSTERED,,,1,borrower#,ASC,KEY
dbo,borrower_bib_toc,borrower_bib_toc_index,CLUSTERED,,yes,1,serial#,ASC,KEY
dbo,borrower_bib_toc,borrower_bib_toc_index,CLUSTERED,,yes,2,borrower#,ASC,KEY
dbo,borrower_bstat,borrower_bstat_index,CLUSTERED,,yes,1,borrower#,ASC,KEY
dbo,borrower_bstat,borrower_bstat_index,CLUSTERED,,yes,2,bstat,ASC,KEY
dbo,borrower_bstat_list,pk_borrower_bstat_list,CLUSTERED,,yes,1,borrower#,ASC,KEY
dbo,borrower_image,PK_borrower_image,NONCLUSTERED,,yes,1,borrower#,ASC,KEY
dbo,borrower_invoice_crit_btype,borrower_invoice_c_b_index,CLUSTERED,,yes,1,borrower_invoice_criteria,ASC,KEY
dbo,borrower_invoice_crit_btype,borrower_invoice_c_b_index,CLUSTERED,,yes,2,btype,ASC,KEY
dbo,borrower_invoice_crit_fee,borrower_invoice_c_f_index,CLUSTERED,,yes,1,borrower_invoice_criteria,ASC,KEY
dbo,borrower_invoice_crit_fee,borrower_invoice_c_f_index,CLUSTERED,,yes,2,fee_block,ASC,KEY
dbo,borrower_invoice_criteria,borrower_invoice_c_index,CLUSTERED,,yes,1,borrower_invoice_criteria,ASC,KEY
dbo,borrower_invoice_format,borrower_invoice_format_index,CLUSTERED,,yes,1,location,ASC,KEY
dbo,borrower_invoice_format,borrower_invoice_format_index,CLUSTERED,,yes,2,invoice_type,ASC,KEY
dbo,borrower_invoice_format_borr,borrower_invoice_f_b_index,CLUSTERED,,yes,1,location,ASC,KEY
dbo,borrower_invoice_format_borr,borrower_invoice_f_b_index,CLUSTERED,,yes,2,invoice_type,ASC,KEY
dbo,borrower_invoice_format_borr,borrower_invoice_f_b_index,CLUSTERED,,yes,3,line_number,ASC,KEY
dbo,borrower_invoice_format_borr,borrower_invoice_f_b_index,CLUSTERED,,yes,4,ord,ASC,KEY
dbo,borrower_invoice_format_foot,borrower_invoice_f_f_index,CLUSTERED,,yes,1,location,ASC,KEY
dbo,borrower_invoice_format_foot,borrower_invoice_f_f_index,CLUSTERED,,yes,2,invoice_type,ASC,KEY
dbo,borrower_invoice_format_foot,borrower_invoice_f_f_index,CLUSTERED,,yes,3,line_number,ASC,KEY
dbo,borrower_invoice_format_head,borrower_invoice_f_h_index,CLUSTERED,,yes,1,location,ASC,KEY
dbo,borrower_invoice_format_head,borrower_invoice_f_h_index,CLUSTERED,,yes,2,invoice_type,ASC,KEY
dbo,borrower_invoice_format_head,borrower_invoice_f_h_index,CLUSTERED,,yes,3,line_number,ASC,KEY
dbo,borrower_pac_access_type,borrower_pac_access_type_index,CLUSTERED,,yes,1,borrower#,ASC,KEY
dbo,borrower_pac_resource_time,borrower_pac_resource_tm_index,CLUSTERED,,yes,1,borrower#,ASC,KEY
dbo,borrower_pac_resource_time,borrower_pac_resource_tm_index,CLUSTERED,,yes,2,pac_resource_type,ASC,KEY
dbo,borrower_phone,borrower_phone_index,NONCLUSTERED,,yes,1,borrower#,ASC,KEY
dbo,borrower_phone,borrower_phone_index,NONCLUSTERED,,yes,2,ord,ASC,KEY
dbo,borrower_phone,borrower_phone_no_index,NONCLUSTERED,,,1,phone_no,ASC,KEY
dbo,borrower_word,borrower_word_borrower_index,NONCLUSTERED,,,1,borrower#,ASC,KEY
dbo,borrower_word,borrower_word_index,CLUSTERED,,yes,1,word#,ASC,KEY
dbo,borrower_word,borrower_word_index,CLUSTERED,,yes,2,borrower#,ASC,KEY
dbo,bRestore,idx,NONCLUSTERED,,,1,borrower#,ASC,KEY
dbo,bstat,bstat_index,CLUSTERED,,yes,1,bstat,ASC,KEY
dbo,bstat_group,bstat_group_index,CLUSTERED,,yes,1,bstat_group,ASC,KEY
dbo,btype,btype_index,CLUSTERED,,yes,1,btype,ASC,KEY
dbo,btype_age,btype_age_index,CLUSTERED,,yes,1,btype,ASC,KEY
dbo,btype_age,btype_age_index,CLUSTERED,,yes,2,location,ASC,KEY
dbo,btype_expiration_date,btype_expiration_date_index,CLUSTERED,,yes,1,btype,ASC,KEY
dbo,btype_expiration_date,btype_expiration_date_index,CLUSTERED,,yes,2,location,ASC,KEY
dbo,btype_expiration_date,btype_expiration_date_index,CLUSTERED,,yes,3,after_date,ASC,KEY
dbo,btype_group,PK_btype_group,CLUSTERED,,yes,1,btype_group,ASC,KEY
dbo,btype_group_btype,PK_btype_group_btype,CLUSTERED,,yes,1,btype_group,ASC,KEY
dbo,btype_group_btype,PK_btype_group_btype,CLUSTERED,,yes,2,btype,ASC,KEY
dbo,budget_hierarchy,budget_hierarchy_index,CLUSTERED,,yes,1,parent_item_key,ASC,KEY
dbo,budget_hierarchy,budget_hierarchy_index,CLUSTERED,,yes,2,item_ord,ASC,KEY
dbo,budget_transaction,budget_transaction_index,CLUSTERED,,yes,1,budget_transaction#,ASC,KEY
dbo,budget_transaction_detail,budget_transaction_det_index,CLUSTERED,,yes,1,budget_transaction#,ASC,KEY
dbo,budget_transaction_detail,budget_transaction_det_index,CLUSTERED,,yes,2,budget,ASC,KEY
dbo,budget_transaction_detail,budget_transaction_det_index,CLUSTERED,,yes,3,timestamp,ASC,KEY
dbo,burb,burb_index,NONCLUSTERED,,yes,1,borrower#,ASC,KEY
dbo,burb,burb_index,NONCLUSTERED,,yes,2,reference#,ASC,KEY
dbo,burb,burb_index,NONCLUSTERED,,yes,3,ord,ASC,KEY
dbo,burb,burb_item_index,NONCLUSTERED,,,1,item#,ASC,KEY
dbo,burb,burb_proxy_borrower_index,NONCLUSTERED,,,1,proxy_borrower#,ASC,KEY
dbo,burb,burb_reference_index,NONCLUSTERED,,,1,reference#,ASC,KEY
dbo,burb_history,burb_history_index,NONCLUSTERED,,yes,1,borrower#,ASC,KEY
dbo,burb_history,burb_history_index,NONCLUSTERED,,yes,2,reference#,ASC,KEY
dbo,burb_history,burb_history_index,NONCLUSTERED,,yes,3,ord,ASC,KEY
dbo,burb_history,burb_history_item_index,NONCLUSTERED,,,1,item#,ASC,KEY
dbo,burb2,burb2_index,CLUSTERED,,yes,1,borrower#,ASC,KEY
dbo,burb2,burb2_index,CLUSTERED,,yes,2,reference#,ASC,KEY
dbo,burb2,burb2_index,CLUSTERED,,yes,3,ord,ASC,KEY
dbo,burb2,burb2_item_index,NONCLUSTERED,,,1,item#,ASC,KEY
dbo,bx86_noConvert,idx,NONCLUSTERED,,,1,bib#,ASC,KEY
dbo,bx86_noConvert947,idx,NONCLUSTERED,,,1,bib#,ASC,KEY
dbo,bx8600difeds,mytable_index,CLUSTERED,,,1,bib#,ASC,KEY
dbo,byui_isbn,idx,NONCLUSTERED,,yes,1,isbn,ASC,KEY
dbo,byui_issn,idx,NONCLUSTERED,,yes,1,issn,ASC,KEY
dbo,calendar_exception,calendar_exception_index,CLUSTERED,,yes,1,location,ASC,KEY
dbo,calendar_exception,calendar_exception_index,CLUSTERED,,yes,2,date,ASC,KEY
dbo,calendar_week,calendar_week_index,CLUSTERED,,yes,1,location,ASC,KEY
dbo,calendar_week,calendar_week_index,CLUSTERED,,yes,2,week_day,ASC,KEY
dbo,call_istat,call_istat_index,CLUSTERED,,yes,1,call_type,ASC,KEY
dbo,call_istat,call_istat_index,CLUSTERED,,yes,2,beginning_call,ASC,KEY
dbo,call_type,call_type_index,CLUSTERED,,yes,1,call_type,ASC,KEY
dbo,callchk_mismatches,callchk_mismatches_bib_index,CLUSTERED,,,1,bib#,ASC,KEY
dbo,callchk_mismatches,callchk_mismatches_index,NONCLUSTERED,,yes,1,item#,ASC,KEY
dbo,cat_browse_matchpoint,cat_browse_matchpoint_index,NONCLUSTERED,,yes,1,cat_type,ASC,KEY
dbo,cat_browse_matchpoint,cat_browse_matchpoint_index,NONCLUSTERED,,yes,2,tag,ASC,KEY
dbo,cat_context_links,PK_cat_context_links,CLUSTERED,,yes,1,id,ASC,KEY
dbo,cat_element,PKcatelement,CLUSTERED,,yes,1,cat_type_id,ASC,KEY
dbo,cat_element,PKcatelement,CLUSTERED,,yes,2,tag,ASC,KEY
dbo,cat_element,PKcatelement,CLUSTERED,,yes,3,subfield,ASC,KEY
dbo,cat_element,PKcatelement,CLUSTERED,,yes,4,category,ASC,KEY
dbo,cat_element,PKcatelement,CLUSTERED,,yes,5,offset,ASC,KEY
dbo,cat_element_value,PKcatelemval,CLUSTERED,,yes,1,cat_type_id,ASC,KEY
dbo,cat_element_value,PKcatelemval,CLUSTERED,,yes,2,tag,ASC,KEY
dbo,cat_element_value,PKcatelemval,CLUSTERED,,yes,3,subfield,ASC,KEY
dbo,cat_element_value,PKcatelemval,CLUSTERED,,yes,4,category,ASC,KEY
dbo,cat_element_value,PKcatelemval,CLUSTERED,,yes,5,offset,ASC,KEY
dbo,cat_element_value,PKcatelemval,CLUSTERED,,yes,6,value,ASC,KEY
dbo,cat_extlink,cat_extlink_idx,NONCLUSTERED,,yes,1,cat_extlink#,ASC,KEY
dbo,cat_help,PKcathelp,CLUSTERED,,yes,1,cat_help_id,ASC,KEY
dbo,cat_indicator,PKcatind,CLUSTERED,,yes,1,cat_type_id,ASC,KEY
dbo,cat_indicator,PKcatind,CLUSTERED,,yes,2,tag,ASC,KEY
dbo,cat_indicator,PKcatind,CLUSTERED,,yes,3,indicator,ASC,KEY
dbo,cat_indicator_value,PKindval,CLUSTERED,,yes,1,cat_type_id,ASC,KEY
dbo,cat_indicator_value,PKindval,CLUSTERED,,yes,2,tag,ASC,KEY
dbo,cat_indicator_value,PKindval,CLUSTERED,,yes,3,indicator,ASC,KEY
dbo,cat_indicator_value,PKindval,CLUSTERED,,yes,4,value,ASC,KEY
dbo,cat_standard,catStdIndex,CLUSTERED,,yes,1,cat_standard_id,ASC,KEY
dbo,cat_sub_req_level_excp,PKsubreqlev,CLUSTERED,,yes,1,cat_type_id,ASC,KEY
dbo,cat_sub_req_level_excp,PKsubreqlev,CLUSTERED,,yes,2,cat_subtype,ASC,KEY
dbo,cat_sub_req_level_excp,PKsubreqlev,CLUSTERED,,yes,3,tag,ASC,KEY
dbo,cat_sub_req_level_excp,PKsubreqlev,CLUSTERED,,yes,4,subfield,ASC,KEY
dbo,cat_subfield,PKcatsub,CLUSTERED,,yes,1,cat_type_id,ASC,KEY
dbo,cat_subfield,PKcatsub,CLUSTERED,,yes,2,tag,ASC,KEY
dbo,cat_subfield,PKcatsub,CLUSTERED,,yes,3,subfield,ASC,KEY
dbo,cat_subfield_restriction,PK_CAT_SF_RESTRICTION,CLUSTERED,,yes,1,sun_role#,ASC,KEY
dbo,cat_subfield_restriction,PK_CAT_SF_RESTRICTION,CLUSTERED,,yes,2,cat_type#,ASC,KEY
dbo,cat_subfield_restriction,PK_CAT_SF_RESTRICTION,CLUSTERED,,yes,3,tag,ASC,KEY
dbo,cat_subfield_restriction,PK_CAT_SF_RESTRICTION,CLUSTERED,,yes,4,subfield,ASC,KEY
dbo,cat_subtype,PKcat_subtype,CLUSTERED,,yes,1,cat_type_id,ASC,KEY
dbo,cat_subtype,PKcat_subtype,CLUSTERED,,yes,2,cat_subtype,ASC,KEY
dbo,cat_tag,PKcattag,CLUSTERED,,yes,1,cat_type_id,ASC,KEY
dbo,cat_tag,PKcattag,CLUSTERED,,yes,2,tag,ASC,KEY
dbo,cat_tag_group,PKcattaggroup,CLUSTERED,,yes,1,cat_type_id,ASC,KEY
dbo,cat_tag_group,PKcattaggroup,CLUSTERED,,yes,2,cat_tag_group_id,ASC,KEY
dbo,cat_tag_link,PKcattaglink,CLUSTERED,,yes,1,cat_type_id,ASC,KEY
dbo,cat_tag_link,PKcattaglink,CLUSTERED,,yes,2,tag,ASC,KEY
dbo,cat_tag_req_level_excp,PKtagreqlev,CLUSTERED,,yes,1,cat_type_id,ASC,KEY
dbo,cat_tag_req_level_excp,PKtagreqlev,CLUSTERED,,yes,2,cat_subtype,ASC,KEY
dbo,cat_tag_req_level_excp,PKtagreqlev,CLUSTERED,,yes,3,tag,ASC,KEY
dbo,cat_tag_restriction,PK_CAT_TAG_RESTRICTION,CLUSTERED,,yes,1,sun_role#,ASC,KEY
dbo,cat_tag_restriction,PK_CAT_TAG_RESTRICTION,CLUSTERED,,yes,2,cat_type#,ASC,KEY
dbo,cat_tag_restriction,PK_CAT_TAG_RESTRICTION,CLUSTERED,,yes,3,tag,ASC,KEY
dbo,cat_type,catTypeIndex,CLUSTERED,,yes,1,cat_type_id,ASC,KEY
dbo,cat_type_restriction,PK_CAT_TYPE_RESTRICTION,CLUSTERED,,yes,1,sun_role#,ASC,KEY
dbo,cat_type_restriction,PK_CAT_TYPE_RESTRICTION,CLUSTERED,,yes,2,cat_type#,ASC,KEY
dbo,category_code,category_code_index,CLUSTERED,,yes,1,cat_type_id,ASC,KEY
dbo,category_code,category_code_index,CLUSTERED,,yes,2,tag,ASC,KEY
dbo,category_code,category_code_index,CLUSTERED,,yes,3,category,ASC,KEY
dbo,cf_bib_dup,bib_idx,CLUSTERED,,yes,1,bib#,ASC,KEY
dbo,change_GHJK,idx,NONCLUSTERED,,,1,item#,ASC,KEY
dbo,charset_control,cc_index,NONCLUSTERED,,yes,1,charset_control,ASC,KEY
dbo,charset_control,charset_control_index,CLUSTERED,,yes,1,db_charset,ASC,KEY
dbo,charset_control,charset_control_index,CLUSTERED,,yes,2,client_codepage,ASC,KEY
dbo,chris_crap,idx,NONCLUSTERED,,,1,bib#,ASC,KEY
dbo,chris_del,idx,NONCLUSTERED,,,1,bib#,ASC,KEY
dbo,chron_pattern,chron_pattern_index,CLUSTERED,,yes,1,chron_pattern,ASC,KEY
dbo,chron_pattern_level,chron_pattern_level_index,CLUSTERED,,yes,1,chron_pattern,ASC,KEY
dbo,chron_pattern_level,chron_pattern_level_index,CLUSTERED,,yes,2,ord,ASC,KEY
dbo,circ,ill_request_index,NONCLUSTERED,,,1,ill_request#,ASC,KEY
dbo,circ,PK_circ,CLUSTERED,yes,yes,1,borrower#,ASC,KEY
dbo,circ,PK_circ,CLUSTERED,yes,yes,2,item#,ASC,KEY
dbo,circ,proxyborr_index,NONCLUSTERED,,,1,proxy_borrower#,ASC,KEY
dbo,circ_history,circ_history_borrower#_index,NONCLUSTERED,,,1,borrower#,ASC,KEY
dbo,circ_history,circ_history_index,NONCLUSTERED,,yes,1,item#,ASC,KEY
dbo,circ_longterm_history,clth_bib_index,NONCLUSTERED,,,1,bib#,ASC,KEY
dbo,circ_longterm_history,clth_bib_index,NONCLUSTERED,,,2,circ_history#,ASC,KEY
dbo,circ_longterm_history,clth_circ_index,NONCLUSTERED,,yes,1,circ#,ASC,KEY
dbo,circ_longterm_history,clth_circ_index,NONCLUSTERED,,yes,2,borrower#,ASC,KEY
dbo,circ_longterm_history,clth_circ_index,NONCLUSTERED,,yes,3,circ_history#,ASC,KEY
dbo,circ_longterm_history,clth_ckidate_index,NONCLUSTERED,,,1,cki_date,ASC,KEY
dbo,circ_longterm_history,clth_ckidate_index,NONCLUSTERED,,,2,cki_time,ASC,KEY
dbo,circ_longterm_history,clth_ckidate_index,NONCLUSTERED,,,3,item#,ASC,KEY
dbo,circ_longterm_history,clth_ckidate_index,NONCLUSTERED,,,4,borrower#,ASC,KEY
dbo,circ_longterm_history,clth_ckidate_index,NONCLUSTERED,,,5,circ_history#,ASC,KEY
dbo,circ_longterm_history,clth_ckodate_index,NONCLUSTERED,,,1,cko_date,ASC,KEY
dbo,circ_longterm_history,clth_ckodate_index,NONCLUSTERED,,,2,cko_time,ASC,KEY
dbo,circ_longterm_history,clth_ckodate_index,NONCLUSTERED,,,3,item#,ASC,KEY
dbo,circ_longterm_history,clth_ckodate_index,NONCLUSTERED,,,4,borrower#,ASC,KEY
dbo,circ_longterm_history,clth_ckodate_index,NONCLUSTERED,,,5,circ_history#,ASC,KEY
dbo,circ_longterm_history,clth_history_index,NONCLUSTERED,,yes,1,circ_history#,ASC,KEY
dbo,circ_longterm_history,clth_index,NONCLUSTERED,,yes,1,borrower#,ASC,KEY
dbo,circ_longterm_history,clth_index,NONCLUSTERED,,yes,2,bib#,ASC,KEY
dbo,circ_longterm_history,clth_index,NONCLUSTERED,,yes,3,circ_history#,ASC,KEY
dbo,circ_longterm_history,clth_item_index,NONCLUSTERED,,,1,item#,ASC,KEY
dbo,circ_longterm_history,clth_item_index,NONCLUSTERED,,,2,circ_history#,ASC,KEY
dbo,circ_matrix,circmatrix_index,CLUSTERED,,yes,1,primary_loc,ASC,KEY
dbo,circ_matrix,circmatrix_index,CLUSTERED,,yes,2,secondary_loc,ASC,KEY
dbo,circ_out,circ_out_index,NONCLUSTERED,,,1,cko_datetime,ASC,KEY
dbo,circ_parameter,circ_parameter_index,CLUSTERED,,yes,1,circ_parameter,ASC,KEY
dbo,circ_parameter_matrix,circ_parameter_matrix_index,CLUSTERED,,yes,1,circ_parameter,ASC,KEY
dbo,circ_parameter_matrix,circ_parameter_matrix_index,CLUSTERED,,yes,2,opac_location_group,ASC,KEY
dbo,circ_parameter_matrix,circ_parameter_matrix_index,CLUSTERED,,yes,3,circ_location_group,ASC,KEY
dbo,circ_parameter_matrix,circ_parameter_matrix_index,CLUSTERED,,yes,4,borrower_location_group,ASC,KEY
dbo,circ_parameter_matrix,circ_parameter_matrix_index,CLUSTERED,,yes,5,item_location_group,ASC,KEY
dbo,circ_parameter_matrix,circ_parameter_matrix_index,CLUSTERED,,yes,6,btype_group,ASC,KEY
dbo,circ_parameter_matrix,circ_parameter_matrix_index,CLUSTERED,,yes,7,itype_group,ASC,KEY
dbo,circ_point,circ_point_index,CLUSTERED,,yes,1,circ_point,ASC,KEY
dbo,circ_privilege,circ_privilege_index,CLUSTERED,,yes,1,location_group,ASC,KEY
dbo,circ_privilege,circ_privilege_index,CLUSTERED,,yes,2,circ_privilege,ASC,KEY
dbo,circ_privilege,circ_privilege_index,CLUSTERED,,yes,3,btype_group,ASC,KEY
dbo,circ_privilege,circ_privilege_index,CLUSTERED,,yes,4,itype_group,ASC,KEY
dbo,circ_privilege_code,circ_privilege_code_index,CLUSTERED,,yes,1,location_group,ASC,KEY
dbo,circ_privilege_code,circ_privilege_code_index,CLUSTERED,,yes,2,circ_privilege,ASC,KEY
dbo,circ_privilege_rule,circ_privilege_rule_index,CLUSTERED,,yes,1,circ_privilege_rule,ASC,KEY
dbo,circ_privilege_special_rule,circ_privilege_spec_rule_index,CLUSTERED,,yes,1,location_group,ASC,KEY
dbo,circ_privilege_special_rule,circ_privilege_spec_rule_index,CLUSTERED,,yes,2,circ_privilege,ASC,KEY
dbo,circ_privilege_special_rule,circ_privilege_spec_rule_index,CLUSTERED,,yes,3,btype_group,ASC,KEY
dbo,circ_privilege_special_rule,circ_privilege_spec_rule_index,CLUSTERED,,yes,4,itype_group,ASC,KEY
dbo,circ_slip,circ_slip_index,CLUSTERED,,yes,1,circ_slip,ASC,KEY
dbo,circ_slip_field,circ_slip_field_index,CLUSTERED,,yes,1,location,ASC,KEY
dbo,circ_slip_field,circ_slip_field_index,CLUSTERED,,yes,2,circ_slip,ASC,KEY
dbo,circ_slip_field,circ_slip_field_index,CLUSTERED,,yes,3,section,ASC,KEY
dbo,circ_slip_field,circ_slip_field_index,CLUSTERED,,yes,4,ord,ASC,KEY
dbo,circ_slip_field_type,circ_slip_field_type_index,CLUSTERED,,yes,1,circ_slip_field_type,ASC,KEY
dbo,circ_slip_msg,circ_slip_msg_index,CLUSTERED,,yes,1,circ_slip,ASC,KEY
dbo,circ_slip_msg,circ_slip_msg_index,CLUSTERED,,yes,2,location,ASC,KEY
dbo,circ_slip_msg,circ_slip_msg_index,CLUSTERED,,yes,3,item_type,ASC,KEY
dbo,city_st,city_st_index,CLUSTERED,,yes,1,city_st,ASC,KEY
dbo,claim_response_code,claim_response_code_index,CLUSTERED,,yes,1,claim_response_code,ASC,KEY
dbo,class_schedule,CLASS_PK,CLUSTERED,,yes,1,borrower#,ASC,KEY
dbo,cld_title,cld_title_bib#_index,NONCLUSTERED,,,1,bib#,ASC,KEY
dbo,cld_title,cld_title_index,CLUSTERED,,,1,processed,ASC,KEY
dbo,cld_title,cld_title_index,CLUSTERED,,,2,id#,ASC,KEY
dbo,cld_title,cld_title_row_id_index,NONCLUSTERED,,yes,1,id#,ASC,KEY
dbo,client_program,client_program_index,CLUSTERED,,yes,1,db_revision,ASC,KEY
dbo,client_program,client_program_index,CLUSTERED,,yes,2,platform,ASC,KEY
dbo,client_program,client_program_index,CLUSTERED,,yes,3,major_revision,ASC,KEY
dbo,client_program,client_program_index,CLUSTERED,,yes,4,minor_revision,ASC,KEY
dbo,client_program,client_program_index,CLUSTERED,,yes,5,major_build,ASC,KEY
dbo,client_program,client_program_index,CLUSTERED,,yes,6,minor_build,ASC,KEY
dbo,codepoint_group_member,PK_CODEPOINT_GROUP_MEMBER,CLUSTERED,,yes,1,codepoint_group#,ASC,KEY
dbo,codepoint_group_member,PK_CODEPOINT_GROUP_MEMBER,CLUSTERED,,yes,2,codepoint,ASC,KEY
dbo,collection,collection_index,CLUSTERED,,yes,1,collection,ASC,KEY
dbo,collection_group,PK_collection_group,CLUSTERED,,yes,1,collection_group,ASC,KEY
dbo,collection_group_collection,PK_collection_group_collection,CLUSTERED,,yes,1,collection_group,ASC,KEY
dbo,collection_group_collection,PK_collection_group_collection,CLUSTERED,,yes,2,collection,ASC,KEY
dbo,collection_inventory,collection_inventory_index,CLUSTERED,,yes,1,collection,ASC,KEY
dbo,collection_inventory,collection_inventory_index,CLUSTERED,,yes,2,location,ASC,KEY
dbo,collection_inventory,collection_inventory_index,CLUSTERED,,yes,3,call_type,ASC,KEY
dbo,commodity,PK_COMMODITY,CLUSTERED,,yes,1,table_name,ASC,KEY
dbo,composition_exclusions,composition_exclusions_index,NONCLUSTERED,,yes,1,code_value,ASC,KEY
dbo,conf_problems,idx,NONCLUSTERED,,,1,bib#,ASC,KEY
dbo,contentDB_Bibs,idx,NONCLUSTERED,,,1,bib#,ASC,KEY
dbo,copy,copy#_index,NONCLUSTERED,,yes,1,copy#,ASC,KEY
dbo,copy,copy_bib_index,NONCLUSTERED,,,1,bib#,ASC,KEY
dbo,copy,copy_next_vendor#_index,NONCLUSTERED,,,1,next_vendor#,ASC,KEY
dbo,copy,copy_serclm_index,NONCLUSTERED,,,1,serial#,ASC,KEY
dbo,copy,copy_serclm_index,NONCLUSTERED,,,2,acq_status,ASC,KEY
dbo,copy,copy_serclm_index,NONCLUSTERED,,,3,claim_type,ASC,KEY
dbo,copy,copy_vendor#_index,NONCLUSTERED,,,1,vendor#,ASC,KEY
dbo,copy,PKcopy,CLUSTERED,,yes,1,serial#,ASC,KEY
dbo,copy,PKcopy,CLUSTERED,,yes,2,scki_priority,ASC,KEY
dbo,copy,PKcopy,CLUSTERED,,yes,3,copy#,ASC,KEY
dbo,copy_issue,copy_issue_binding_index,NONCLUSTERED,,,1,binding_bundle#,ASC,KEY
dbo,copy_issue,copy_issue_claim_index,NONCLUSTERED,,,1,claim#,ASC,KEY
dbo,copy_issue,copy_issue_hs_index,NONCLUSTERED,,yes,1,copy#,ASC,KEY
dbo,copy_issue,copy_issue_hs_index,NONCLUSTERED,,yes,2,run_code,ASC,KEY
dbo,copy_issue,copy_issue_hs_index,NONCLUSTERED,,yes,3,issue_date,ASC,KEY
dbo,copy_issue,copy_issue_hs_index,NONCLUSTERED,,yes,4,issue_ord,ASC,KEY
dbo,copy_issue,copy_issue_index,CLUSTERED,,yes,1,serial#,ASC,KEY
dbo,copy_issue,copy_issue_index,CLUSTERED,,yes,2,run_code,ASC,KEY
dbo,copy_issue,copy_issue_index,CLUSTERED,,yes,3,issue_date,ASC,KEY
dbo,copy_issue,copy_issue_index,CLUSTERED,,yes,4,issue_ord,ASC,KEY
dbo,copy_issue,copy_issue_index,CLUSTERED,,yes,5,copy#,ASC,KEY
dbo,copy_issue,copy_issue_item_index,NONCLUSTERED,,,1,item#,ASC,KEY
dbo,copy_issue,copy_issue_serclm_index,NONCLUSTERED,,,1,serial#,ASC,KEY
dbo,copy_issue,copy_issue_serclm_index,NONCLUSTERED,,,2,run_code,ASC,KEY
dbo,copy_issue,copy_issue_serclm_index,NONCLUSTERED,,,3,issue_date,ASC,KEY
dbo,copy_issue,copy_issue_serclm_index,NONCLUSTERED,,,4,issue_ord,ASC,KEY
dbo,copy_issue,copy_issue_serclm_index,NONCLUSTERED,,,5,status,ASC,KEY
dbo,copy_issue_serial_route,copy_issue_serial_route_index,CLUSTERED,,,1,serial#,ASC,KEY
dbo,copy_issue_serial_route,copy_issue_serial_route_index,CLUSTERED,,,2,run_code,ASC,KEY
dbo,copy_issue_serial_route,copy_issue_serial_route_index,CLUSTERED,,,3,issue_date,ASC,KEY
dbo,copy_issue_serial_route,copy_issue_serial_route_index,CLUSTERED,,,4,issue_ord,ASC,KEY
dbo,copy_issue_serial_route,copy_issue_serial_route_index,CLUSTERED,,,5,copy#,ASC,KEY
dbo,copy_issue_serial_route,copy_issue_serial_route_index,CLUSTERED,,,6,route,ASC,KEY
dbo,country_code,country_code_index,CLUSTERED,,yes,1,country_code,ASC,KEY
dbo,course,course_course_index,NONCLUSTERED,,yes,1,course#,ASC,KEY
dbo,course,course_index,NONCLUSTERED,,,1,course_group#,ASC,KEY
dbo,course,course_loc_name_index,CLUSTERED,,,1,location,ASC,KEY
dbo,course,course_loc_name_index,CLUSTERED,,,2,name,ASC,KEY
dbo,course,course_loc_name_index,CLUSTERED,,,3,course#,ASC,KEY
dbo,course_group,course_group_index,CLUSTERED,,yes,1,course_group#,ASC,KEY
dbo,cp_to_cp,cp_to_cp_index,CLUSTERED,,yes,1,server_codepage,ASC,KEY
dbo,cp_to_cp,cp_to_cp_index,CLUSTERED,,yes,2,workstation_codepage,ASC,KEY
dbo,cp_to_cp,cp_to_cp_index,CLUSTERED,,yes,3,server_character,ASC,KEY
dbo,crc_print_field_type,crc_print_field_type_index,CLUSTERED,,yes,1,field_type,ASC,KEY
dbo,csa_call_pattern,csa_call_pattern_index,CLUSTERED,,yes,1,csa_call_syntax,ASC,KEY
dbo,csa_call_pattern,csa_call_pattern_index,CLUSTERED,,yes,2,csa_location,ASC,KEY
dbo,csa_call_pattern,csa_call_pattern_index,CLUSTERED,,yes,3,csa_collection,ASC,KEY
dbo,csa_call_range,csa_call_range_idx,CLUSTERED,,yes,1,csa_call_range#,ASC,KEY
dbo,csa_call_range,csa_call_range_idx,CLUSTERED,,yes,2,csa_first_call,ASC,KEY
dbo,csa_call_range,csa_call_range_idx,CLUSTERED,,yes,3,csa_last_call_succ,ASC,KEY
dbo,csa_call_range,csa_call_range_idx,CLUSTERED,,yes,4,collection,ASC,KEY
dbo,csa_call_range,csa_call_range_idx,CLUSTERED,,yes,5,location,ASC,KEY
dbo,csa_call_syntax,csa_call_syntax_index,CLUSTERED,,yes,1,csa_call_syntax,ASC,KEY
dbo,csa_call_syntax,csa_call_syntax_index,CLUSTERED,,yes,2,part_ord,ASC,KEY
dbo,csa_fast_add_itype,csa_fast_add_itype_index,CLUSTERED,,yes,1,itype,ASC,KEY
dbo,csa_location,PKcsa_location,CLUSTERED,,yes,1,csa_location,ASC,KEY
dbo,csa_pickup_area,PKpickup_area,CLUSTERED,,yes,1,pickup_area_id,ASC,KEY
dbo,csa_print_job,csa_print_job_idx,CLUSTERED,,yes,1,csa_print_job#,ASC,KEY
dbo,csa_printer,csa_printer_idx,CLUSTERED,,yes,1,csa_printer,ASC,KEY
dbo,csa_printer_group,csa_printer_group_idx,NONCLUSTERED,,yes,1,csa_location,ASC,KEY
dbo,csa_printer_group,csa_printer_group_idx,NONCLUSTERED,,yes,2,collection,ASC,KEY
dbo,csa_printer_group,csa_printer_group_idx,NONCLUSTERED,,yes,3,call_begin,ASC,KEY
dbo,csa_printer_group,csa_printer_group_idx,NONCLUSTERED,,yes,4,call_end,ASC,KEY
dbo,csa_printer_queue,csa_printer_queue_idx,CLUSTERED,,yes,1,csa_printer_queue,ASC,KEY
dbo,csa_request,PKcsa_request,CLUSTERED,,yes,1,csa_request_id,ASC,KEY
dbo,csa_request_history,PKcsa_request_history,CLUSTERED,,yes,1,csa_request_id,ASC,KEY
dbo,csa_value_set,csa_value_set_index,CLUSTERED,,yes,1,csa_value_set,ASC,KEY
dbo,csa_value_set_definition,csa_value_set_definition_index,CLUSTERED,,yes,1,csa_value_set,ASC,KEY
dbo,csa_value_set_definition,csa_value_set_definition_index,CLUSTERED,,yes,2,first_value,ASC,KEY
dbo,currency,currency_index,CLUSTERED,,yes,1,currency,ASC,KEY
dbo,customization,customization_index,CLUSTERED,,yes,1,creation_date,ASC,KEY
dbo,customization,customization_index,CLUSTERED,,yes,2,object_name,ASC,KEY
dbo,customization,customization_index,CLUSTERED,,yes,3,object_type,ASC,KEY
dbo,customization,customization_index,CLUSTERED,,yes,4,action_type,ASC,KEY
dbo,db_charset_to_client,db_charset_client_index,NONCLUSTERED,,yes,1,charset_control,ASC,KEY
dbo,db_charset_to_client,db_charset_client_index,NONCLUSTERED,,yes,2,client_char,ASC,KEY
dbo,db_charset_to_client,db_charset_to_client_index,CLUSTERED,,yes,1,charset_control,ASC,KEY
dbo,db_charset_to_client,db_charset_to_client_index,CLUSTERED,,yes,2,db_char,ASC,KEY
dbo,db_codepage,db_codepage_index,CLUSTERED,,yes,1,db_codepage,ASC,KEY
dbo,db_codepage,db_codepage_ord_index,NONCLUSTERED,,yes,1,db_codepage_ord,ASC,KEY
dbo,db_codepage_to_ucs2,db_codepage_to_ucs2_index,CLUSTERED,,yes,1,db_codepage_ord,ASC,KEY
dbo,db_codepage_to_ucs2,db_codepage_to_ucs2_index,CLUSTERED,,yes,2,db_codepage_char,ASC,KEY
dbo,db_codepage_to_ucs2,db_codepage_to_ucs2_ucs2_index,NONCLUSTERED,,yes,1,db_codepage_ord,ASC,KEY
dbo,db_codepage_to_ucs2,db_codepage_to_ucs2_ucs2_index,NONCLUSTERED,,yes,2,ucs2_char,ASC,KEY
dbo,dc_control,dc_control_index,CLUSTERED,,yes,1,dc_name,ASC,KEY
dbo,dc_control,dc_control_index,CLUSTERED,,yes,2,element_name,ASC,KEY
dbo,dc_default,dc_default_index,CLUSTERED,,yes,1,dc_name,ASC,KEY
dbo,dc_default,dc_default_index,CLUSTERED,,yes,2,element_name,ASC,KEY
dbo,dc_default,dc_default_index,CLUSTERED,,yes,3,user_id,ASC,KEY
dbo,dc_default,dc_default_index,CLUSTERED,,yes,4,default_name,ASC,KEY
dbo,dc_element,dc_element_index,CLUSTERED,,yes,1,dc_name,ASC,KEY
dbo,dc_element,dc_element_index,CLUSTERED,,yes,2,element_name,ASC,KEY
dbo,dc_element,dc_element_index,CLUSTERED,,yes,3,ord,ASC,KEY
dbo,dc_header,dc_header_index,CLUSTERED,,yes,1,dc_name,ASC,KEY
dbo,dc_lookup,dc_lookup_index,CLUSTERED,,yes,1,dc_name,ASC,KEY
dbo,dc_lookup,dc_lookup_index,CLUSTERED,,yes,2,element_name,ASC,KEY
dbo,dc_subord,dc_subord_index,CLUSTERED,,yes,1,dc_name,ASC,KEY
dbo,dc_subord,dc_subord_index,CLUSTERED,,yes,2,element_name,ASC,KEY
dbo,de_activity,de_activity_index,CLUSTERED,,yes,1,de_activity#,ASC,KEY
dbo,de_ntc_ctl,de_ntc_ctl,CLUSTERED,,yes,1,notice,ASC,KEY
dbo,de_ntc_ctl_exception,de_ntc_ctl_exception_index,CLUSTERED,,yes,1,notice,ASC,KEY
dbo,de_ntc_ctl_exception,de_ntc_ctl_exception_index,CLUSTERED,,yes,2,location,ASC,KEY
dbo,debt_borrower,PKdebt_borrower,CLUSTERED,,yes,1,borrower#,ASC,KEY
dbo,debt_borrower,PKdebt_borrower,CLUSTERED,,yes,2,debt_group_id,ASC,KEY
dbo,debt_borrower_date,PKdebt_borrower_date,CLUSTERED,,yes,1,borrower#,ASC,KEY
dbo,debt_borrower_reference,debt_borrower_ref_grp_index,NONCLUSTERED,,,1,debt_group_id,ASC,KEY
dbo,debt_borrower_reference,debt_borrower_ref_index,NONCLUSTERED,,,1,borrower#,ASC,KEY
dbo,debt_borrower_reference,debt_borrower_ref_num_index,NONCLUSTERED,,,1,reference#,ASC,KEY
dbo,debt_borrower_reference,PKdebt_borrower_ref,CLUSTERED,,yes,1,borrower#,ASC,KEY
dbo,debt_borrower_reference,PKdebt_borrower_ref,CLUSTERED,,yes,2,reference#,ASC,KEY
dbo,debt_burb,db_index,NONCLUSTERED,,,1,borrower#,ASC,KEY
dbo,debt_burb,debt_burb_indx,CLUSTERED,,yes,1,borrower#,ASC,KEY
dbo,debt_burb,debt_burb_indx,CLUSTERED,,yes,2,reference#,ASC,KEY
dbo,debt_burb,debt_burb_indx,CLUSTERED,,yes,3,ord,ASC,KEY
dbo,debt_burb,debtburb_index_ref,NONCLUSTERED,,,1,reference#,ASC,KEY
dbo,debt_collect_borrower,debt_collect_borrower_index,CLUSTERED,,yes,1,borrower#,ASC,KEY
dbo,debt_collect_range,debt_collect_range_index,CLUSTERED,,yes,1,borrower_fine,ASC,KEY
dbo,debt_control,PKdebt_control,CLUSTERED,,yes,1,debt_group_id,ASC,KEY
dbo,debt_email,debt_address_indx,NONCLUSTERED,,yes,1,address,ASC,KEY
dbo,debt_email,debt_address_indx,NONCLUSTERED,,yes,2,name,ASC,KEY
dbo,debt_email,PKdebt_email,CLUSTERED,,yes,1,debt_email_id,ASC,KEY
dbo,debt_group,PKdebt_group,CLUSTERED,,yes,1,debt_group_id,ASC,KEY
dbo,debt_group_debt_email,PKdebt_group_debt_email,CLUSTERED,,yes,1,debt_group_id,ASC,KEY
dbo,debt_group_debt_email,PKdebt_group_debt_email,CLUSTERED,,yes,2,debt_email_id,ASC,KEY
dbo,debt_group_exc_block,PKdebt_group_block,CLUSTERED,,yes,1,debt_group_id,ASC,KEY
dbo,debt_group_exc_block,PKdebt_group_block,CLUSTERED,,yes,2,block,ASC,KEY
dbo,debt_group_exc_btype,PKdebt_group_btype,CLUSTERED,,yes,1,debt_group_id,ASC,KEY
dbo,debt_group_exc_btype,PKdebt_group_btype,CLUSTERED,,yes,2,btype,ASC,KEY
dbo,debt_group_fee,PKdebt_group_fee,CLUSTERED,,yes,1,debt_group_id,ASC,KEY
dbo,debt_group_fee,PKdebt_group_fee,CLUSTERED,,yes,2,borrower_fine,ASC,KEY
dbo,debt_group_location,PKdebt_group_loc,CLUSTERED,,yes,1,debt_group_id,ASC,KEY
dbo,debt_group_location,PKdebt_group_loc,CLUSTERED,,yes,2,location,ASC,KEY
dbo,debt_rpt,PKdebt_rpt,CLUSTERED,,yes,1,debt_rpt_id,ASC,KEY
dbo,debt_rpt_field,PKdebt_rpt_field,CLUSTERED,,yes,1,debt_rpt_id,ASC,KEY
dbo,debt_rpt_field,PKdebt_rpt_field,CLUSTERED,,yes,2,seq,ASC,KEY
dbo,debt_rpt_field_domain,PKdebt_rpt_field_domain,CLUSTERED,,yes,1,fieldname,ASC,KEY
dbo,del_alex,idx,NONCLUSTERED,,,1,bib#,ASC,KEY
dbo,del_badload,idx,NONCLUSTERED,,,1,bib#,ASC,KEY
dbo,del_bib,idx,NONCLUSTERED,,,1,bib#,ASC,KEY
dbo,del_bib_acq,idx,NONCLUSTERED,,,1,bib#,ASC,KEY
dbo,del_ebooks_academic_complete,idx,NONCLUSTERED,,,1,bib#,ASC,KEY
dbo,del_ebooks_pep_access,idx,NONCLUSTERED,,,1,bib#,ASC,KEY
dbo,del_ebooks_ybp_dda,idx,NONCLUSTERED,,,1,bib#,ASC,KEY
dbo,del_ebrary,idx,NONCLUSTERED,,,1,bib#,ASC,KEY
dbo,del_eper,idx,NONCLUSTERED,,,1,bib#,ASC,KEY
dbo,del_map_idaho,idx,NONCLUSTERED,,,1,bib#,ASC,KEY
dbo,del_map_montana,idx,NONCLUSTERED,,,1,bib#,ASC,KEY
dbo,del_Nevada,idx,NONCLUSTERED,,,1,bib#,ASC,KEY
dbo,del_oregon,idx,NONCLUSTERED,,,1,bib#,ASC,KEY
dbo,del_per,idx,NONCLUSTERED,,,1,bib#,ASC,KEY
dbo,del_safari,idx,NONCLUSTERED,,,1,bib#,ASC,KEY
dbo,del_sfx,idx,NONCLUSTERED,,,1,bib#,ASC,KEY
dbo,del_utah,idx,NONCLUSTERED,,,1,bib#,ASC,KEY
dbo,delbib_eper,idx,NONCLUSTERED,,,1,bib#,ASC,KEY
dbo,delbib_res,idx,NONCLUSTERED,,,1,bib#,ASC,KEY
dbo,delbib1_eper,idx,NONCLUSTERED,,,1,bib#,ASC,KEY
dbo,delete_audiobook,idx,NONCLUSTERED,,,1,bib#,ASC,KEY
dbo,delete_egd,idx,NONCLUSTERED,,,1,bib#,ASC,KEY
dbo,delete_eper,idx,NONCLUSTERED,,,1,bib#,ASC,KEY
dbo,delete_Eserials,idx,NONCLUSTERED,,,1,bib#,ASC,KEY
dbo,delete_ss,idx,NONCLUSTERED,,,1,bib#,ASC,KEY
dbo,delete_ss_item,i_idx,NONCLUSTERED,,,1,item#,ASC,KEY
dbo,deleteFlag,idx,NONCLUSTERED,,,1,bib#,ASC,KEY
dbo,devo_bak,idx,NONCLUSTERED,,,1,bib#,ASC,KEY
dbo,dewey_call,dewey_call_index,CLUSTERED,,yes,1,processed,ASC,KEY
dbo,dewey_call,dewey_call_index,CLUSTERED,,yes,2,location,ASC,KEY
dbo,dewey_call,dewey_call_index,CLUSTERED,,yes,3,collection,ASC,KEY
dbo,dewey_call,dewey_call_index,CLUSTERED,,yes,4,bib#,ASC,KEY
dbo,dewey_call,dewey_call_item_index,NONCLUSTERED,,yes,1,item#,ASC,KEY
dbo,discard_item,discard_item_index,CLUSTERED,,yes,1,item#,ASC,KEY
dbo,discard_item_additional,PK_discard_item_additional,CLUSTERED,,yes,1,item#,ASC,KEY
dbo,donor,donor,NONCLUSTERED,,,1,bib#,ASC,KEY
dbo,donor,donor_index,CLUSTERED,,,1,processed,ASC,KEY
dbo,donor,donor_index,CLUSTERED,,,2,id#,ASC,KEY
dbo,donor,donor_row_id_index,NONCLUSTERED,,yes,1,id#,ASC,KEY
dbo,drop_EPER,idx,NONCLUSTERED,,,1,bib#,ASC,KEY
dbo,due_date,due_date_index,CLUSTERED,,yes,1,location,ASC,KEY
dbo,due_date,due_date_index,CLUSTERED,,yes,2,due_date_type,ASC,KEY
dbo,due_date,due_date_index,CLUSTERED,,yes,3,after_date,ASC,KEY
dbo,due_date,due_date_index,CLUSTERED,,yes,4,btype,ASC,KEY
dbo,due_date,due_date_index,CLUSTERED,,yes,5,itype,ASC,KEY
dbo,dup_online,idx,NONCLUSTERED,,,1,bib#,ASC,KEY
dbo,ebscoBib,idx,NONCLUSTERED,,,1,bib#,ASC,KEY
dbo,ecco_fix,idx,NONCLUSTERED,,,1,bib#,ASC,KEY
dbo,ed_column,ed_column_index,CLUSTERED,,yes,1,mq_view,ASC,KEY
dbo,ed_column,ed_column_index,CLUSTERED,,yes,2,ord,ASC,KEY
dbo,ed_column_history,PKed_column_history,CLUSTERED,,yes,1,database_revision,ASC,KEY
dbo,ed_column_history,PKed_column_history,CLUSTERED,,yes,2,mq_view,ASC,KEY
dbo,ed_column_history,PKed_column_history,CLUSTERED,,yes,3,ord,ASC,KEY
dbo,ed_link,ed_link_index,CLUSTERED,,yes,1,mq_view,ASC,KEY
dbo,ed_link,ed_link_index,CLUSTERED,,yes,2,ed_column_ord,ASC,KEY
dbo,ed_link_history,PKed_link_history,CLUSTERED,,yes,1,database_revision,ASC,KEY
dbo,ed_link_history,PKed_link_history,CLUSTERED,,yes,2,mq_view,ASC,KEY
dbo,ed_link_history,PKed_link_history,CLUSTERED,,yes,3,ed_column_ord,ASC,KEY
dbo,edifact_exception,edifact_exception_index,CLUSTERED,,yes,1,exception_date,ASC,KEY
dbo,edifact_exception,edifact_exception_index,CLUSTERED,,yes,2,exception_time,ASC,KEY
dbo,edifact_exception,edifact_exception_index,CLUSTERED,,yes,3,process,ASC,KEY
dbo,edifact_exception,edifact_exception_messag_index,NONCLUSTERED,,,1,edifact#,ASC,KEY
dbo,edifact_exception,edifact_exception_messag_index,NONCLUSTERED,,,2,message#,ASC,KEY
dbo,edifact_exception,edifact_exception_messag_index,NONCLUSTERED,,,3,segment#,ASC,KEY
dbo,edifact_interchange,edifact_interchange_index,CLUSTERED,,yes,1,edifact#,ASC,KEY
dbo,edifact_interchange,edifact_interchange_loc_index,NONCLUSTERED,,,1,location,ASC,KEY
dbo,edifact_interchange,edifact_interchange_vend_index,NONCLUSTERED,,yes,1,vendor#,ASC,KEY
dbo,edifact_interchange,edifact_interchange_vend_index,NONCLUSTERED,,yes,2,location,ASC,KEY
dbo,edifact_interchange,edifact_interchange_vend_index,NONCLUSTERED,,yes,3,control_reference,ASC,KEY
dbo,edifact_message,edifact_message_index,CLUSTERED,,yes,1,edifact#,ASC,KEY
dbo,edifact_message,edifact_message_index,CLUSTERED,,yes,2,message#,ASC,KEY
dbo,edifact_message,edifact_message_loc_index,NONCLUSTERED,,,1,message_location,ASC,KEY
dbo,edifact_message,edifact_message_type_index,NONCLUSTERED,,,1,message_type,ASC,KEY
dbo,edifact_message_code,edifact_message_code_index,CLUSTERED,,yes,1,message_code,ASC,KEY
dbo,edifact_ordrsp_action,edifact_ordrsp_action_index,CLUSTERED,,yes,1,action_code,ASC,KEY
dbo,edifact_ordrsp_report_code,edifact_ordrsp_report_index,CLUSTERED,,yes,1,report_code,ASC,KEY
dbo,edifact_process_status,edifact_process_status_index,CLUSTERED,,yes,1,edifact#,ASC,KEY
dbo,edifact_process_status,edifact_process_status_index,CLUSTERED,,yes,2,message#,ASC,KEY
dbo,edifact_process_status,edifact_process_status_index,CLUSTERED,,yes,3,process,ASC,KEY
dbo,edifact_segment,edifact_segment_message_index,NONCLUSTERED,,,1,edifact#,ASC,KEY
dbo,edifact_segment,edifact_segment_message_index,NONCLUSTERED,,,2,message#,ASC,KEY
dbo,edifact_segment,edifact_segment_message_index,NONCLUSTERED,,,3,segment#,ASC,KEY
dbo,edifact_segment,PK_edifact_segment,CLUSTERED,,yes,1,edifact#,ASC,KEY
dbo,edifact_segment,PK_edifact_segment,CLUSTERED,,yes,2,segment#,ASC,KEY
dbo,egd_items,idx,NONCLUSTERED,,,1,bib#,ASC,KEY
dbo,egdtmp,idx,NONCLUSTERED,,,1,bib#,ASC,KEY
dbo,email_notice_content,email_notice_content_index,CLUSTERED,,yes,1,borrower#,ASC,KEY
dbo,email_notice_content,email_notice_content_index,CLUSTERED,,yes,2,ord,ASC,KEY
dbo,email_param,email_param_index,CLUSTERED,,yes,1,ord,ASC,KEY
dbo,enum_pattern_level,enum_pattern_level_index,CLUSTERED,,yes,1,serial#,ASC,KEY
dbo,enum_pattern_level,enum_pattern_level_index,CLUSTERED,,yes,2,run_code,ASC,KEY
dbo,enum_pattern_level,enum_pattern_level_index,CLUSTERED,,yes,3,applicability_date,ASC,KEY
dbo,enum_pattern_level,enum_pattern_level_index,CLUSTERED,,yes,4,enum_group,ASC,KEY
dbo,enum_pattern_level,enum_pattern_level_index,CLUSTERED,,yes,5,ord,ASC,KEY
dbo,eper_tmp,idx,NONCLUSTERED,,,1,bib#,ASC,KEY
dbo,euro_converter,euro_converter_index,CLUSTERED,,yes,1,currency,ASC,KEY
dbo,event_proc,PKevent_proc,CLUSTERED,,yes,1,event_proc_id,ASC,KEY
dbo,event_proc_attribute,PKevent_proc_attr,CLUSTERED,,yes,1,attribute,ASC,KEY
dbo,event_proc_attribute_value,PKevent_proc_val,CLUSTERED,,yes,1,event_proc_id,ASC,KEY
dbo,event_proc_attribute_value,PKevent_proc_val,CLUSTERED,,yes,2,attribute,ASC,KEY
dbo,export_item_column,export_item_col_index,CLUSTERED,,yes,1,export_target,ASC,KEY
dbo,export_item_column,export_item_col_index,CLUSTERED,,yes,2,subfield,ASC,KEY
dbo,export_target,export_target_index,CLUSTERED,,yes,1,export_target,ASC,KEY
dbo,extra_charge_type,extra_charge_type_index,CLUSTERED,,yes,1,extra_charge_type,ASC,KEY
dbo,extra_issue,extra_issues_index,CLUSTERED,,yes,1,serial#,ASC,KEY
dbo,extra_issue,extra_issues_index,CLUSTERED,,yes,2,enum_string,ASC,KEY
dbo,extra_issue,extra_issues_index,CLUSTERED,,yes,3,chron_string,ASC,KEY
dbo,family_group,PK_family_group,CLUSTERED,,yes,1,group#,ASC,KEY
dbo,family_group_perm,PK_family_group_perm,CLUSTERED,,yes,1,group#,ASC,KEY
dbo,family_group_perm,PK_family_group_perm,CLUSTERED,,yes,2,borrower#,ASC,KEY
dbo,family_group_perm_borr,PK_family_group_perm_borr,CLUSTERED,,yes,1,group#,ASC,KEY
dbo,family_group_perm_borr,PK_family_group_perm_borr,CLUSTERED,,yes,2,borrower#,ASC,KEY
dbo,family_group_perm_borr,PK_family_group_perm_borr,CLUSTERED,,yes,3,permission#,ASC,KEY
dbo,family_group_perm_borr,PK_family_group_perm_borr,CLUSTERED,,yes,4,group_member#,ASC,KEY
dbo,feature_activation,feature_activation_index,CLUSTERED,,yes,1,feature_activation,ASC,KEY
dbo,feature_activation_history,PKfeature_activation_history,CLUSTERED,,yes,1,database_revision,ASC,KEY
dbo,feature_activation_history,PKfeature_activation_history,CLUSTERED,,yes,2,feature_activation,ASC,KEY
dbo,featureFilms,idx,NONCLUSTERED,,,1,bib#,ASC,KEY
dbo,fee_payment,fee_payment_index,CLUSTERED,,yes,1,borrower#,ASC,KEY
dbo,fee_payment,fee_payment_index,CLUSTERED,,yes,2,fee_payment#,ASC,KEY
dbo,fee_payment,fee_payment_key_index,NONCLUSTERED,,yes,1,fee_payment#,ASC,KEY
dbo,fee_payment_detail,fee_payment_detail_index,CLUSTERED,,yes,1,fee_payment#,ASC,KEY
dbo,fee_payment_detail,fee_payment_detail_index,CLUSTERED,,yes,2,reference#,ASC,KEY
dbo,fee_payment_detail,fee_payment_detail_index,CLUSTERED,,yes,3,ord,ASC,KEY
dbo,fee_tax_rate,fee_tax_rate_index,CLUSTERED,,yes,1,block,ASC,KEY
dbo,fee_tax_rate,fee_tax_rate_index,CLUSTERED,,yes,2,tax_block,ASC,KEY
dbo,file_image,file_image_index,CLUSTERED,,yes,1,file_image_num,ASC,KEY
dbo,final_marcive1,m_idx,CLUSTERED,,yes,1,bib#,ASC,KEY
dbo,final_marcive2,m_idx,CLUSTERED,,yes,1,bib#,ASC,KEY
dbo,final_marcive3,m_idx,CLUSTERED,,yes,1,bib#,ASC,KEY
dbo,final_marcive4,m_idx,CLUSTERED,,yes,1,bib#,ASC,KEY
dbo,findJPN,idx,NONCLUSTERED,,,1,bib#,ASC,KEY
dbo,fixAdamProxy,idx,NONCLUSTERED,,,1,bib#,ASC,KEY
dbo,fixAdamRedirect,idx,NONCLUSTERED,,,1,bib#,ASC,KEY
dbo,fixProxy,idx,NONCLUSTERED,,,1,bib#,ASC,KEY
dbo,fixProxy2,idx,CLUSTERED,,,1,bib#,ASC,KEY
dbo,fixProxy200,idx,NONCLUSTERED,,,1,bib#,ASC,KEY
dbo,fixProxyTest100,idx,NONCLUSTERED,,,1,bib#,ASC,KEY
dbo,fixProxyTest2,idx,CLUSTERED,,,1,bib#,ASC,KEY
dbo,fixPurl,idx,NONCLUSTERED,,,1,bib#,ASC,KEY
dbo,fr_inventory_code,fr_inventory_code_index,CLUSTERED,,yes,1,inventory_code,ASC,KEY
dbo,fr_inventory_detail,fr_inventory_detail_index,CLUSTERED,,yes,1,inventory_code,ASC,KEY
dbo,fr_inventory_detail,fr_inventory_detail_index,CLUSTERED,,yes,2,user_id,ASC,KEY
dbo,fr_inventory_detail,fr_inventory_detail_index,CLUSTERED,,yes,3,inventory_date,ASC,KEY
dbo,fr_inventory_detail,fr_inventory_detail_index,CLUSTERED,,yes,4,inventory_time,ASC,KEY
dbo,fr_inventory_detail,fr_inventory_detail_index,CLUSTERED,,yes,5,item#,ASC,KEY
dbo,fr_inventory_detail,fr_inventory_detail_item_index,NONCLUSTERED,,,1,item#,ASC,KEY
dbo,fr_inventory_log,fr_inventory_log_index,CLUSTERED,,,1,inventory_code,ASC,KEY
dbo,fr_inventory_log,fr_inventory_log_index,CLUSTERED,,,2,user_id,ASC,KEY
dbo,fr_inventory_log,fr_inventory_log_index,CLUSTERED,,,3,inventory_date,ASC,KEY
dbo,fr_inventory_log,fr_inventory_log_index,CLUSTERED,,,4,inventory_time,ASC,KEY
dbo,fr_inventory_log,fr_inventory_log_index,CLUSTERED,,,5,item#,ASC,KEY
dbo,fr_inventory_stat,fr_inventory_stat_index,CLUSTERED,,yes,1,inventory_code,ASC,KEY
dbo,fr_inventory_stat,fr_inventory_stat_index,CLUSTERED,,yes,2,item#,ASC,KEY
dbo,fr_inventory_status,fr_inventory_status_index,CLUSTERED,,yes,1,inventory_status,ASC,KEY
dbo,fr_inventory_topography,fr_inventory_topography_index,CLUSTERED,,yes,1,inventory_code,ASC,KEY
dbo,fr_inventory_topography,fr_inventory_topography_index,CLUSTERED,,yes,2,inventory_ord,ASC,KEY
dbo,Francis_census,idx,NONCLUSTERED,,,1,bib#,ASC,KEY
dbo,freecallkey,freecallkey_index,CLUSTERED,,yes,1,prefix,ASC,KEY
dbo,freecallkey,freecallkey_index,CLUSTERED,,yes,2,available_number,ASC,KEY
dbo,freecsakey,freecsakey_index,CLUSTERED,,yes,1,prefix,ASC,KEY
dbo,freecsakey,freecsakey_index,CLUSTERED,,yes,2,available_number,ASC,KEY
dbo,genre,genre_auth_index,NONCLUSTERED,,yes,1,auth#,ASC,KEY
dbo,genre,genre_index,CLUSTERED,,,1,processed,ASC,KEY
dbo,genre,genre_index,CLUSTERED,,,2,auth#,ASC,KEY
dbo,genre_word,genre_word_auth_index,NONCLUSTERED,,,1,auth#,ASC,KEY
dbo,genre_word,genre_word_index,CLUSTERED,,yes,1,word#,ASC,KEY
dbo,genre_word,genre_word_index,CLUSTERED,,yes,2,auth#,ASC,KEY
dbo,goober,idx,NONCLUSTERED,,,1,bib#,ASC,KEY
dbo,grade,GRADE_PK,CLUSTERED,,yes,1,grade,ASC,KEY
dbo,group_limit,group_limit_index,CLUSTERED,,yes,1,group_limit_id,ASC,KEY
dbo,group_limit_member,group_limit_mem_index,CLUSTERED,,yes,1,group_limit_id,ASC,KEY
dbo,group_limit_member,group_limit_mem_index,CLUSTERED,,yes,2,member,ASC,KEY
dbo,hawaii_isbn_bib#,idx,NONCLUSTERED,,,1,bib#,ASC,KEY
dbo,hb_advisor,hb_advisor_advisor_idx,CLUSTERED,,yes,1,advisor,ASC,KEY
dbo,hb_advisor,hb_advisor_name_idx,NONCLUSTERED,,,1,name,ASC,KEY
dbo,hb_borrower,hb_borrower_borrower#_idx,CLUSTERED,,yes,1,borrower#,ASC,KEY
dbo,hb_borrower,hb_borrower_route_stop_idx,NONCLUSTERED,,yes,1,route,ASC,KEY
dbo,hb_borrower,hb_borrower_route_stop_idx,NONCLUSTERED,,yes,2,stop_number,ASC,KEY
dbo,hb_borrower_log,hb_borrower_log_date_idx,NONCLUSTERED,,,1,cko_date,ASC,KEY
dbo,hb_borrower_log,hb_borrower_log_date_idx,NONCLUSTERED,,,2,borrower#,ASC,KEY
dbo,hb_borrower_log,hb_borrower_log_idx,CLUSTERED,,yes,1,borrower#,ASC,KEY
dbo,hb_borrower_log,hb_borrower_log_idx,CLUSTERED,,yes,2,item#,ASC,KEY
dbo,hb_borrower_log,hb_borrower_log_idx,CLUSTERED,,yes,3,cko_date,ASC,KEY
dbo,hb_delivery,hb_delivery_idx,CLUSTERED,,yes,1,hb_delivery,ASC,KEY
dbo,hb_route,hb_route_advisor_idx,NONCLUSTERED,,,1,advisor,ASC,KEY
dbo,hb_route,hb_route_route_idx,CLUSTERED,,yes,1,route,ASC,KEY
dbo,holding_summary,holding_summary_index,CLUSTERED,,yes,1,copy#,ASC,KEY
dbo,holding_summary,holding_summary_index,CLUSTERED,,yes,2,run_code,ASC,KEY
dbo,holding_summary,holding_summary_index,CLUSTERED,,yes,3,ord,ASC,KEY
dbo,homeroom,PK_HOMEROOM,CLUSTERED,,yes,1,homeroom,ASC,KEY
dbo,honoree,honoree_bib#_index,NONCLUSTERED,,,1,bib#,ASC,KEY
dbo,honoree,honoree_index,CLUSTERED,,,1,processed,ASC,KEY
dbo,honoree,honoree_index,CLUSTERED,,,2,id#,ASC,KEY
dbo,honoree,honoree_row_id_index,NONCLUSTERED,,yes,1,id#,ASC,KEY
dbo,horizon_uid,horizon_uid_index,CLUSTERED,,yes,1,uid,ASC,KEY
dbo,hsob,hsob_index,NONCLUSTERED,,yes,1,name,ASC,KEY
dbo,hsob,hsob_index,NONCLUSTERED,,yes,2,type,ASC,KEY
dbo,ilsws_index_in_progress,ilsws_index_in_progress_index,CLUSTERED,,yes,1,mq_index_base_table_name,ASC,KEY
dbo,ilsws_index_in_progress,ilsws_index_in_progress_index,CLUSTERED,,yes,2,base_table_key,ASC,KEY
dbo,ilsws_index_pending,ilsws_index_pending_index,CLUSTERED,,yes,1,mq_index_base_table_name,ASC,KEY
dbo,ilsws_index_pending,ilsws_index_pending_index,CLUSTERED,,yes,2,base_table_key,ASC,KEY
dbo,ilsws_index_pending,ilsws_index_pending_index,CLUSTERED,,yes,3,base_table_timestamp,ASC,KEY
dbo,import_acq,PK_IMPORT_ACQ,CLUSTERED,,yes,1,import_acq#,ASC,KEY
dbo,import_acq_column_map,PK_IMPORT_ACQ_COLUMN_MAP,CLUSTERED,,yes,1,import_acq_column_map#,ASC,KEY
dbo,import_acq_distribution,PK_IMPORT_ACQ_DISTRIBUTION,CLUSTERED,,yes,1,import_acq#,ASC,KEY
dbo,import_acq_distribution,PK_IMPORT_ACQ_DISTRIBUTION,CLUSTERED,,yes,2,ord,ASC,KEY
dbo,import_acq_map,PK_IMPORT_ACQ_MAP,CLUSTERED,,yes,1,import_acq_map,ASC,KEY
dbo,import_acq_map_extraction,PK_IMPORT_ACQ_MAP_EXTRACT,CLUSTERED,,yes,1,import_acq_map,ASC,KEY
dbo,import_acq_map_extraction,PK_IMPORT_ACQ_MAP_EXTRACT,CLUSTERED,,yes,2,import_acq_column_map#,ASC,KEY
dbo,import_acq_map_extraction,PK_IMPORT_ACQ_MAP_EXTRACT,CLUSTERED,,yes,3,ord,ASC,KEY
dbo,import_acq_pr_category,PK_IMPORT_ACQ_PR_CAT,CLUSTERED,,yes,1,import_acq#,ASC,KEY
dbo,import_acq_pr_category,PK_IMPORT_ACQ_PR_CAT,CLUSTERED,,yes,2,pr_category_code,ASC,KEY
dbo,import_auth_sub_translation,import_auth_sub_transl_index,CLUSTERED,,yes,1,import_source,ASC,KEY
dbo,import_auth_sub_translation,import_auth_sub_transl_index,CLUSTERED,,yes,2,tag,ASC,KEY
dbo,import_auth_sub_translation,import_auth_sub_transl_index,CLUSTERED,,yes,3,subfield,ASC,KEY
dbo,import_auth_sub_translation,import_auth_sub_transl_index,CLUSTERED,,yes,4,in_value,ASC,KEY
dbo,import_auth_tag_action,import_auth_tag_action_index,CLUSTERED,,yes,1,import_source,ASC,KEY
dbo,import_auth_tag_action,import_auth_tag_action_index,CLUSTERED,,yes,2,ord,ASC,KEY
dbo,import_item_column,import_item_column_index,CLUSTERED,,yes,1,import_source,ASC,KEY
dbo,import_item_column,import_item_column_index,CLUSTERED,,yes,2,column_name,ASC,KEY
dbo,import_item_map,import_item_map_index,CLUSTERED,,yes,1,import_source,ASC,KEY
dbo,import_item_map,import_item_map_index,CLUSTERED,,yes,2,column_name,ASC,KEY
dbo,import_item_map,import_item_map_index,CLUSTERED,,yes,3,priority,ASC,KEY
dbo,import_item_map,import_item_map_index,CLUSTERED,,yes,4,ord,ASC,KEY
dbo,import_source,import_source#_index,NONCLUSTERED,,yes,1,import_source#,ASC,KEY
dbo,import_source,import_source_index,CLUSTERED,,yes,1,import_source,ASC,KEY
dbo,import_source_ar_prefix,import_source_ar_prefix_index,CLUSTERED,,yes,1,import_source,ASC,KEY
dbo,import_source_ar_prefix,import_source_ar_prefix_index,CLUSTERED,,yes,2,prefix_to_remove,ASC,KEY
dbo,import_source_pr_category,PK_IMPORT_SOURCE_PR_CAT,CLUSTERED,,yes,1,import_source,ASC,KEY
dbo,import_source_pr_category,PK_IMPORT_SOURCE_PR_CAT,CLUSTERED,,yes,2,pr_category_code,ASC,KEY
dbo,import_subfield_translation,import_subfld_translation_idx,CLUSTERED,,yes,1,import_source,ASC,KEY
dbo,import_subfield_translation,import_subfld_translation_idx,CLUSTERED,,yes,2,tag,ASC,KEY
dbo,import_subfield_translation,import_subfld_translation_idx,CLUSTERED,,yes,3,subfield,ASC,KEY
dbo,import_subfield_translation,import_subfld_translation_idx,CLUSTERED,,yes,4,in_value,ASC,KEY
dbo,import_tag_action,import_tag_action_index,CLUSTERED,,yes,1,import_source,ASC,KEY
dbo,import_tag_action,import_tag_action_index,CLUSTERED,,yes,2,ord,ASC,KEY
dbo,index_break_control,index_break_control_index,NONCLUSTERED,,yes,1,index_table_name,ASC,KEY
dbo,index_break_control,PKindex_break_control,CLUSTERED,,yes,1,index_table_id,ASC,KEY
dbo,index_break_points,index_break_points_index,NONCLUSTERED,,,1,index_table_id,ASC,KEY
dbo,index_break_points,index_break_points_index,NONCLUSTERED,,,2,break_string,ASC,KEY
dbo,index_break_points,PKindex_break_points,CLUSTERED,,yes,1,index_table_id,ASC,KEY
dbo,index_break_points,PKindex_break_points,CLUSTERED,,yes,2,ord,ASC,KEY
dbo,instructor,instructor_index,CLUSTERED,,,1,location,ASC,KEY
dbo,instructor,instructor_index,CLUSTERED,,,2,name,ASC,KEY
dbo,instructor,instructor_index,CLUSTERED,,,3,instructor#,ASC,KEY
dbo,instructor,instructor_instructor_index,NONCLUSTERED,,yes,1,instructor#,ASC,KEY
dbo,instrument_word,instrument_word_bib_index,NONCLUSTERED,,,1,bib#,ASC,KEY
dbo,instrument_word,instrument_word_index,CLUSTERED,,yes,1,word#,ASC,KEY
dbo,instrument_word,instrument_word_index,CLUSTERED,,yes,2,bib#,ASC,KEY
dbo,interface_language,interface__16844092701,CLUSTERED,,yes,1,ord,ASC,KEY
dbo,interface_language,interface__16844092702,NONCLUSTERED,,yes,1,code,ASC,KEY
dbo,interpretation,interpretation_index,CLUSTERED,,yes,1,interpretation,ASC,KEY
dbo,inventory_exception,inventory_exception_index,CLUSTERED,,yes,1,session_id#,ASC,KEY
dbo,inventory_exception_detail,inventory_exception_det_index,CLUSTERED,,yes,1,session_id#,ASC,KEY
dbo,inventory_exception_detail,inventory_exception_det_index,CLUSTERED,,yes,2,item_ord,ASC,KEY
dbo,ipac_databases_bak,ipac_databases_index,CLUSTERED,,yes,1,dbcode,ASC,KEY
dbo,ipac_keyword_processor_map,keyword_processor_map_index,CLUSTERED,,yes,1,input_char,ASC,KEY
dbo,ipac_location_bak,ipac_location_index,CLUSTERED,,yes,1,location,ASC,KEY
dbo,ipac_location_bak,ipac_location_index,CLUSTERED,,yes,2,library,ASC,KEY
dbo,ipac_location_disp,ipac_location_disp_index,CLUSTERED,,yes,1,location,ASC,KEY
dbo,ipac_location_disp,ipac_location_disp_index,CLUSTERED,,yes,2,disp_location,ASC,KEY
dbo,ipac_user_types_bak,ipac_user_types_index,CLUSTERED,,yes,1,usr_type,ASC,KEY
dbo,ipac_usr_col_disp,ipac_usr_col_disp_index,CLUSTERED,,yes,1,usr_type,ASC,KEY
dbo,ipac_usr_col_disp,ipac_usr_col_disp_index,CLUSTERED,,yes,2,usr_loc,ASC,KEY
dbo,ipac_usr_col_disp,ipac_usr_col_disp_index,CLUSTERED,,yes,3,disp_col,ASC,KEY
dbo,ipac_usr_loc_disp,ipac_usr_loc_disp_index,CLUSTERED,,yes,1,usr_type,ASC,KEY
dbo,ipac_usr_loc_disp,ipac_usr_loc_disp_index,CLUSTERED,,yes,2,usr_loc,ASC,KEY
dbo,ipac_usr_loc_disp,ipac_usr_loc_disp_index,CLUSTERED,,yes,3,disp_loc,ASC,KEY
dbo,isbn,isbn_bib#_index,NONCLUSTERED,,,1,bib#,ASC,KEY
dbo,isbn,isbn_row_id#_index,NONCLUSTERED,,,1,id#,ASC,KEY
dbo,isbn,PK_isbn,CLUSTERED,,yes,1,processed,ASC,KEY
dbo,isbn,PK_isbn,CLUSTERED,,yes,2,id#,ASC,KEY
dbo,isbn_hawaii,idx,NONCLUSTERED,,,1,isbn,ASC,KEY
dbo,isbn_inverted,isbn_inverted_bib_index,NONCLUSTERED,,,1,bib#,ASC,KEY
dbo,isbn_inverted,isbn_inverted_index,CLUSTERED,,yes,1,isbn,ASC,KEY
dbo,isbn_inverted,isbn_inverted_index,CLUSTERED,,yes,2,bib#,ASC,KEY
dbo,issn_hawaii,idx,NONCLUSTERED,,,1,issn,ASC,KEY
dbo,issn_inverted,issn_inverted_bib_index,NONCLUSTERED,,,1,bib#,ASC,KEY
dbo,issn_inverted,issn_inverted_index,CLUSTERED,,yes,1,issn,ASC,KEY
dbo,issn_inverted,issn_inverted_index,CLUSTERED,,yes,2,bib#,ASC,KEY
dbo,issue,issue_index,CLUSTERED,,yes,1,serial#,ASC,KEY
dbo,issue,issue_index,CLUSTERED,,yes,2,run_code,ASC,KEY
dbo,issue,issue_index,CLUSTERED,,yes,3,issue_date,ASC,KEY
dbo,issue,issue_index,CLUSTERED,,yes,4,issue_ord,ASC,KEY
dbo,istat,istat_index,CLUSTERED,,yes,1,istat,ASC,KEY
dbo,item,item_bib#_index,NONCLUSTERED,,,1,bib#,ASC,KEY
dbo,item,item_collection_index,NONCLUSTERED,,,1,collection,ASC,KEY
dbo,item,item_copy#_index,NONCLUSTERED,,,1,copy#,ASC,KEY
dbo,item,item_ibarcode_index,NONCLUSTERED,,yes,1,ibarcode,ASC,KEY
dbo,item,item_index,NONCLUSTERED,,,1,bib#,ASC,KEY
dbo,item,item_index,NONCLUSTERED,,,2,location,ASC,KEY
dbo,item,item_index,NONCLUSTERED,,,3,collection,ASC,KEY
dbo,item,item_index,NONCLUSTERED,,,4,call,ASC,KEY
dbo,item,item_index,NONCLUSTERED,,,5,copy,ASC,KEY
dbo,item,item_inventory_num_index,NONCLUSTERED,,,1,inventory_num,ASC,KEY
dbo,item,item_item_index,NONCLUSTERED,,yes,1,item#,ASC,KEY
dbo,item_activity,item_activity_index,CLUSTERED,,yes,1,item#,ASC,KEY
dbo,item_circ_renewal,item_circ_renewal_item_index,NONCLUSTERED,,,1,item#,ASC,KEY
dbo,item_circ_renewal,PK_item_circ_renewal,CLUSTERED,yes,yes,1,borrower#,ASC,KEY
dbo,item_circ_renewal,PK_item_circ_renewal,CLUSTERED,yes,yes,2,item#,ASC,KEY
dbo,item_circ_renewal,PK_item_circ_renewal,CLUSTERED,yes,yes,3,renewal#,ASC,KEY
dbo,item_delete_options,PK_item_delete_options,CLUSTERED,,yes,1,last_item_action,ASC,KEY
dbo,item_match_point,item_match_point_index,CLUSTERED,,yes,1,import_source,ASC,KEY
dbo,item_match_point,item_match_point_index,CLUSTERED,,yes,2,column_name,ASC,KEY
dbo,item_match_point,item_match_point_index,CLUSTERED,,yes,3,ord,ASC,KEY
dbo,item_status,PK_item_status,CLUSTERED,,yes,1,item_status,ASC,KEY
dbo,item_transit,PK_item_transit,NONCLUSTERED,,yes,1,item#,ASC,KEY
dbo,item_transit,PK_item_transit,NONCLUSTERED,,yes,2,date,ASC,KEY
dbo,item_transit,PK_item_transit,NONCLUSTERED,,yes,3,time,ASC,KEY
dbo,itype,itype_index,CLUSTERED,,yes,1,itype,ASC,KEY
dbo,itype_calendar_schedule,itype_calendar_schedule_index,CLUSTERED,,yes,1,location,ASC,KEY
dbo,itype_calendar_schedule,itype_calendar_schedule_index,CLUSTERED,,yes,2,itype,ASC,KEY
dbo,itype_calendar_schedule,itype_calendar_schedule_index,CLUSTERED,,yes,3,booking_calendar,ASC,KEY
dbo,itype_calendar_schedule,itype_calendar_schedule_index,CLUSTERED,,yes,4,booking_schedule,ASC,KEY
dbo,itype_group,PK_itype_group,CLUSTERED,,yes,1,itype_group,ASC,KEY
dbo,itype_group_itype,PK_itype_group_itype,CLUSTERED,,yes,1,itype_group,ASC,KEY
dbo,itype_group_itype,PK_itype_group_itype,CLUSTERED,,yes,2,itype,ASC,KEY
dbo,key_string_type,key_string_type_index,CLUSTERED,,yes,1,key_string_type,ASC,KEY
dbo,l_usage_stat_type,PK_l_usage_stat_type,CLUSTERED,,yes,1,stat_type,ASC,KEY
dbo,label,label_index,CLUSTERED,,yes,1,label,ASC,KEY
dbo,label_content,PK_LABEL_CONTENT,CLUSTERED,,yes,1,label,ASC,KEY
dbo,label_content,PK_LABEL_CONTENT,CLUSTERED,,yes,2,label_number,ASC,KEY
dbo,label_content,PK_LABEL_CONTENT,CLUSTERED,,yes,3,start_line,ASC,KEY
dbo,label_content,PK_LABEL_CONTENT,CLUSTERED,,yes,4,start_column,ASC,KEY
dbo,label_dimension,label_dimension_index,CLUSTERED,,yes,1,label,ASC,KEY
dbo,label_dimension,label_dimension_index,CLUSTERED,,yes,2,label_number,ASC,KEY
dbo,label_export,label_export_index,CLUSTERED,,yes,1,label_export,ASC,KEY
dbo,label_font,label_font_index,CLUSTERED,,yes,1,label_font,ASC,KEY
dbo,language_dlls,language_dlls_index,CLUSTERED,,yes,1,lang_code,ASC,KEY
dbo,language_dlls,language_dlls_index,CLUSTERED,,yes,2,rc_version,ASC,KEY
dbo,language_dlls,language_dlls_index,CLUSTERED,,yes,3,translation_revision,ASC,KEY
dbo,lc_call,lc_call_index,CLUSTERED,,yes,1,processed,ASC,KEY
dbo,lc_call,lc_call_index,CLUSTERED,,yes,2,location,ASC,KEY
dbo,lc_call,lc_call_index,CLUSTERED,,yes,3,collection,ASC,KEY
dbo,lc_call,lc_call_index,CLUSTERED,,yes,4,bib#,ASC,KEY
dbo,lc_call,lc_call_item_index,NONCLUSTERED,,yes,1,item#,ASC,KEY
dbo,lccn_inverted,lccn_inverted_bib_index,NONCLUSTERED,,,1,bib#,ASC,KEY
dbo,lccn_inverted,lccn_inverted_index,CLUSTERED,,yes,1,lccn,ASC,KEY
dbo,lccn_inverted,lccn_inverted_index,CLUSTERED,,yes,2,bib#,ASC,KEY
dbo,ldap_profile,PK_LDAP_PROFILE,CLUSTERED,,yes,1,ldap_profile,ASC,KEY
dbo,ldsbc_isbn,idx,NONCLUSTERED,,,1,isbn,ASC,KEY
dbo,ldsbc_isbn_bib#,idx,NONCLUSTERED,,,1,bib#,ASC,KEY
dbo,ldsbc_issn,idx,NONCLUSTERED,,,1,isbn,ASC,KEY
dbo,library_code,PK_library_code,CLUSTERED,,yes,1,library_code,ASC,KEY
dbo,link_bib,link_from,CLUSTERED,,,1,link_from_bib#,ASC,KEY
dbo,link_bib,link_from,CLUSTERED,,,2,link_to_bib#,ASC,KEY
dbo,link_bib,link_to,NONCLUSTERED,,,1,link_to_bib#,ASC,KEY
dbo,link_bib,link_to,NONCLUSTERED,,,2,link_from_bib#,ASC,KEY
dbo,link_hold,link_hold_index,CLUSTERED,,yes,1,horizon_user_id,ASC,KEY
dbo,link_hold,link_hold_index,CLUSTERED,,yes,2,bib#,ASC,KEY
dbo,link_hold,link_hold_index,CLUSTERED,,yes,3,tag,ASC,KEY
dbo,link_hold,link_hold_index,CLUSTERED,,yes,4,tagseq,ASC,KEY
dbo,link_match_point,link_match_point_index,CLUSTERED,,yes,1,import_source,ASC,KEY
dbo,link_match_point,link_match_point_index,CLUSTERED,,yes,2,ord,ASC,KEY
dbo,link_tag,link_tag_index,CLUSTERED,,yes,1,tag,ASC,KEY
dbo,link_tag,link_tag_index,CLUSTERED,,yes,2,reverse_tag,ASC,KEY
dbo,lister_column,lister_column_index,CLUSTERED,,yes,1,mq_view,ASC,KEY
dbo,lister_column,lister_column_index,CLUSTERED,,yes,2,ord,ASC,KEY
dbo,lister_column_history,PKlister_column_history,CLUSTERED,,yes,1,database_revision,ASC,KEY
dbo,lister_column_history,PKlister_column_history,CLUSTERED,,yes,2,mq_view,ASC,KEY
dbo,lister_column_history,PKlister_column_history,CLUSTERED,,yes,3,ord,ASC,KEY
dbo,location,PK_location,CLUSTERED,,yes,1,location,ASC,KEY
dbo,location_group,PK_location_group,CLUSTERED,,yes,1,location_group,ASC,KEY
dbo,location_group_location,PK_location_group_location,CLUSTERED,,yes,1,location_group,ASC,KEY
dbo,location_group_location,PK_location_group_location,CLUSTERED,,yes,2,location,ASC,KEY
dbo,location_payment_type,PK_location_payment_type,CLUSTERED,,yes,1,location,ASC,KEY
dbo,location_payment_type,PK_location_payment_type,CLUSTERED,,yes,2,payment_type,ASC,KEY
dbo,mail_sort_type,mail_sort_type_index,CLUSTERED,,yes,1,mail_sort_type,ASC,KEY
dbo,marc_conditional,marc_conditional_index,CLUSTERED,,yes,1,marc_map,ASC,KEY
dbo,marc_conditional,marc_conditional_index,CLUSTERED,,yes,2,ord,ASC,KEY
dbo,marc_conditional,marc_map#_index,NONCLUSTERED,,yes,1,marc_map#,ASC,KEY
dbo,marc_conditional,marc_map#_index,NONCLUSTERED,,yes,2,ord,ASC,KEY
dbo,marc_extraction,marc_extraction_index,CLUSTERED,,yes,1,marc_map,ASC,KEY
dbo,marc_extraction,marc_extraction_index,CLUSTERED,,yes,2,ord,ASC,KEY
dbo,marc_extraction,marc_map#_index,NONCLUSTERED,,yes,1,marc_map#,ASC,KEY
dbo,marc_extraction,marc_map#_index,NONCLUSTERED,,yes,2,ord,ASC,KEY
dbo,marc_map,marc_map#_index,NONCLUSTERED,,yes,1,marc_map#,ASC,KEY
dbo,marc_map,marc_map_index,CLUSTERED,,yes,1,marc_map,ASC,KEY
dbo,marc_to_ucs2,ipac_marc_to_ucs2_index,CLUSTERED,,yes,1,marc_final_character,ASC,KEY
dbo,marc_to_ucs2,ipac_marc_to_ucs2_index,CLUSTERED,,yes,2,marc_code_point,ASC,KEY
dbo,marc_translate,marc_translate_ec_index,NONCLUSTERED,,yes,1,entry_code,ASC,KEY
dbo,marc_translate,marc_translate_index,CLUSTERED,,yes,1,marc_translate#,ASC,KEY
dbo,marc_translate_detail,marc_translate_detail_index,CLUSTERED,,yes,1,marc_translate#,ASC,KEY
dbo,marc_translate_detail,marc_translate_detail_index,CLUSTERED,,yes,2,from_string,ASC,KEY
dbo,marc_usage,PKmarc_usage,CLUSTERED,,yes,1,module,ASC,KEY
dbo,marc_usage,PKmarc_usage,CLUSTERED,,yes,2,column_name,ASC,KEY
dbo,marcive2,i_idx,CLUSTERED,,,1,bib#,ASC,KEY
dbo,martin_copies,idx,NONCLUSTERED,,,1,bib#,ASC,KEY
dbo,mat_temp,mat,CLUSTERED,,,1,bib#,ASC,KEY
dbo,matham,matham_index,CLUSTERED,,yes,1,new_bib_duration,ASC,KEY
dbo,media_abhistory,media_abhistory_index,CLUSTERED,,yes,1,location,ASC,KEY
dbo,media_abhistory,media_abhistory_index,CLUSTERED,,yes,2,bib#,ASC,KEY
dbo,media_abhistory,media_abhistory_index,CLUSTERED,,yes,3,itype,ASC,KEY
dbo,media_abhistory,media_abhistory_index,CLUSTERED,,yes,4,pickup_date,ASC,KEY
dbo,media_abhistory,media_abhistory_index,CLUSTERED,,yes,5,pickup_time,ASC,KEY
dbo,media_abhistory,media_abhistory_index,CLUSTERED,,yes,6,borrower#,ASC,KEY
dbo,media_collection,media_collection_index,CLUSTERED,,yes,1,collection,ASC,KEY
dbo,media_delivery_location,media_delivery_location_index,CLUSTERED,,yes,1,location,ASC,KEY
dbo,media_return_location,media_return_location_index,CLUSTERED,,yes,1,location,ASC,KEY
dbo,media_type,media_type_index,CLUSTERED,,yes,1,media_type,ASC,KEY
dbo,menu,menu_index,CLUSTERED,,yes,1,menu,ASC,KEY
dbo,menu,menu_index,CLUSTERED,,yes,2,ord,ASC,KEY
dbo,menu,menu_option_index,NONCLUSTERED,,,1,menu_option,ASC,KEY
dbo,menu_option,menu_option_index,CLUSTERED,,yes,1,menu_option,ASC,KEY
dbo,merge_profile,PKmergeprofile,CLUSTERED,,yes,1,merge_profile_id,ASC,KEY
dbo,merge_profile,PKmergeprofile,CLUSTERED,,yes,2,cat_type_id,ASC,KEY
dbo,merge_profile_tag,PKmergeprofiletag,CLUSTERED,,yes,1,merge_profile_id,ASC,KEY
dbo,merge_profile_tag,PKmergeprofiletag,CLUSTERED,,yes,2,cat_type_id,ASC,KEY
dbo,merge_profile_tag,PKmergeprofiletag,CLUSTERED,,yes,3,old_tag,ASC,KEY
dbo,mistrake,mistrake_index,CLUSTERED,,yes,1,appname,ASC,KEY
dbo,mistrake,mistrake_index,CLUSTERED,,yes,2,mistrake#,ASC,KEY
dbo,mistrake,mistrake_index,CLUSTERED,,yes,3,record_number,ASC,KEY
dbo,mm_del,idx,NONCLUSTERED,,,1,bib#,ASC,KEY
dbo,mq_code_order,PKmq_code_order,CLUSTERED,,yes,1,table_name,ASC,KEY
dbo,mq_column_history,PKmq_column_history,CLUSTERED,,yes,1,database_revision,ASC,KEY
dbo,mq_column_history,PKmq_column_history,CLUSTERED,,yes,2,table_name,ASC,KEY
dbo,mq_column_history,PKmq_column_history,CLUSTERED,,yes,3,column_name,ASC,KEY
dbo,mq_column_source,mq_column_source_index,CLUSTERED,,yes,1,table_name,ASC,KEY
dbo,mq_column_source,mq_column_source_index,CLUSTERED,,yes,2,column_name,ASC,KEY
dbo,mq_database,mq_database_index,CLUSTERED,,yes,1,server_name,ASC,KEY
dbo,mq_database,mq_database_index,CLUSTERED,,yes,2,database_name,ASC,KEY
dbo,mq_group,group_name_index,NONCLUSTERED,,yes,1,source_table_name,ASC,KEY
dbo,mq_group,group_name_index,NONCLUSTERED,,yes,2,group_name,ASC,KEY
dbo,mq_group,mq_group_index,CLUSTERED,,yes,1,mq_group#,ASC,KEY
dbo,mq_group_member,group_id_key_index,NONCLUSTERED,,yes,1,mq_group#,ASC,KEY
dbo,mq_group_member,group_id_key_index,NONCLUSTERED,,yes,2,member#,ASC,KEY
dbo,mq_group_member,mq_group_member_index,CLUSTERED,,yes,1,mq_group#,ASC,KEY
dbo,mq_group_member,mq_group_member_index,CLUSTERED,,yes,2,ord,ASC,KEY
dbo,mq_index,mq_index_index,CLUSTERED,,yes,1,mq_index,ASC,KEY
dbo,mq_index_call,mq_index_call_index,CLUSTERED,,yes,1,mq_index_call,ASC,KEY
dbo,mq_index_inherit_exception,exception,CLUSTERED,,yes,1,mq_index,ASC,KEY
dbo,mq_index_inherit_exception,exception,CLUSTERED,,yes,2,link_class,ASC,KEY
dbo,mq_index_location,PKMqIndexLocation,CLUSTERED,,yes,1,mq_index,ASC,KEY
dbo,mq_index_location,PKMqIndexLocation,CLUSTERED,,yes,2,location,ASC,KEY
dbo,mq_index_newkey,PK_mq_index_newkey,NONCLUSTERED,,yes,1,table_name,ASC,KEY
dbo,mq_index_queue,mq_index_queue_index,CLUSTERED,,,1,mq_index,ASC,KEY
dbo,mq_index_queue,mq_index_queue_index,CLUSTERED,,,2,key#,ASC,KEY
dbo,mq_index_queue,mq_index_queue_index,CLUSTERED,,,3,save_time,ASC,KEY
dbo,mq_index_queue,mq_index_queue_key_index,NONCLUSTERED,,,1,mq_index,ASC,KEY
dbo,mq_index_queue,mq_index_queue_key_index,NONCLUSTERED,,,2,key#,ASC,KEY
dbo,mq_index_queue,mq_index_queue_key_index,NONCLUSTERED,,,3,timestamp,ASC,KEY
dbo,mq_server_info,mq_server_info_index,CLUSTERED,,yes,1,server_name,ASC,KEY
dbo,mq_value,mq_value_index,CLUSTERED,,yes,1,table_name,ASC,KEY
dbo,mq_value,mq_value_index,CLUSTERED,,yes,2,column_name,ASC,KEY
dbo,mq_value,mq_value_index,CLUSTERED,,yes,3,value,ASC,KEY
dbo,mq_value_history,PKmq_value_history,CLUSTERED,,yes,1,database_revision,ASC,KEY
dbo,mq_value_history,PKmq_value_history,CLUSTERED,,yes,2,table_name,ASC,KEY
dbo,mq_value_history,PKmq_value_history,CLUSTERED,,yes,3,column_name,ASC,KEY
dbo,mq_value_history,PKmq_value_history,CLUSTERED,,yes,4,value,ASC,KEY
dbo,mq_view,mq_view_index,CLUSTERED,,yes,1,mq_view,ASC,KEY
dbo,mq_view_alternate,mq_view_alternate_index,CLUSTERED,,yes,1,view_set,ASC,KEY
dbo,mq_view_alternate,mq_view_alternate_index,CLUSTERED,,yes,2,mq_view,ASC,KEY
dbo,mq_view_archive,mq_view_archive_index,CLUSTERED,,yes,1,mq_view,ASC,KEY
dbo,mq_view_archive,mq_view_archive_index,CLUSTERED,,yes,2,archive_table_name,ASC,KEY
dbo,mq_view_envir_proc,mq_view_proc_index,CLUSTERED,,yes,1,mq_view,ASC,KEY
dbo,mq_view_envir_proc_his,PKmq_view_envir_proc_his,CLUSTERED,,yes,1,database_revision,ASC,KEY
dbo,mq_view_envir_proc_his,PKmq_view_envir_proc_his,CLUSTERED,,yes,2,mq_view,ASC,KEY
dbo,mq_view_history,PKmq_view_history,CLUSTERED,,yes,1,database_revision,ASC,KEY
dbo,mq_view_history,PKmq_view_history,CLUSTERED,,yes,2,mq_view,ASC,KEY
dbo,my_mistake,bib_idx,CLUSTERED,,,1,bib#,ASC,KEY
dbo,my_mistake1,bib_idx,CLUSTERED,,,1,bib#,ASC,KEY
dbo,mytest,idx,NONCLUSTERED,,,1,bib#,ASC,KEY
dbo,mytest,idx,NONCLUSTERED,,,2,tagord,ASC,KEY
dbo,naco_processor_map,PKnaco_processor_map,CLUSTERED,,yes,1,input_char,ASC,KEY
dbo,netlibraryBib,idx,NONCLUSTERED,,,1,bib#,ASC,KEY
dbo,new_auth,new_auth_index,CLUSTERED,,yes,1,auth_type,ASC,KEY
dbo,new_auth,new_auth_index,CLUSTERED,,yes,2,auth#,ASC,KEY
dbo,new_bib,new_bib_index,CLUSTERED,,yes,1,bib#,ASC,KEY
dbo,new_item,new_item_coll_item_date_index,NONCLUSTERED,,yes,1,collection_group,ASC,KEY
dbo,new_item,new_item_coll_item_date_index,NONCLUSTERED,,yes,2,item#,ASC,KEY
dbo,new_item,new_item_coll_item_date_index,NONCLUSTERED,,yes,3,new_date,ASC,KEY
dbo,new_item,new_item_collection_date_index,CLUSTERED,,,1,collection_group,ASC,KEY
dbo,new_item,new_item_collection_date_index,CLUSTERED,,,2,new_date,ASC,KEY
dbo,new_item,new_item_item_index,NONCLUSTERED,,,1,item#,ASC,KEY
dbo,newcallkey,newcallkey_index,CLUSTERED,,yes,1,prefix,ASC,KEY
dbo,newcsakey,newcsakey_index,CLUSTERED,,yes,1,prefix,ASC,KEY
dbo,newinvkey,newinvkey_index,CLUSTERED,,yes,1,prefix,ASC,KEY
dbo,newkey,PK_newkey,NONCLUSTERED,,yes,1,table_name,ASC,KEY
dbo,nlm_call,nlm_call_index,CLUSTERED,,yes,1,processed,ASC,KEY
dbo,nlm_call,nlm_call_index,CLUSTERED,,yes,2,location,ASC,KEY
dbo,nlm_call,nlm_call_index,CLUSTERED,,yes,3,collection,ASC,KEY
dbo,nlm_call,nlm_call_index,CLUSTERED,,yes,4,bib#,ASC,KEY
dbo,nlm_call,nlm_call_item_index,NONCLUSTERED,,yes,1,item#,ASC,KEY
dbo,non_marc_element,non_marc_element_index,CLUSTERED,,yes,1,non_marc_element,ASC,KEY
dbo,non_marc_field,non_marc_field_index,CLUSTERED,,yes,1,non_marc_field_group,ASC,KEY
dbo,non_marc_field,non_marc_field_index,CLUSTERED,,yes,2,ord,ASC,KEY
dbo,non_marc_field_group,non_marc_field_group_index,CLUSTERED,,yes,1,non_marc_field_group,ASC,KEY
dbo,non_marc_workform,non_marc_workform_index,CLUSTERED,,yes,1,workform_key,ASC,KEY
dbo,non_marc_workform,non_marc_workform_index,CLUSTERED,,yes,2,ord,ASC,KEY
dbo,non_unique_isbn,idx,NONCLUSTERED,,,1,bib#,ASC,KEY
dbo,notice,notice_batch#_content#_index,CLUSTERED,,yes,1,batch#,ASC,KEY
dbo,notice,notice_batch#_content#_index,CLUSTERED,,yes,2,content#,ASC,KEY
dbo,notice,notice_borrower#_index,NONCLUSTERED,,,1,borrower#,ASC,KEY
dbo,notice_batch,notice_batch_batch#_index,CLUSTERED,,yes,1,batch#,ASC,KEY
dbo,notice_content,notice_content_burb_ref_index,NONCLUSTERED,,,1,burb_ref#,ASC,KEY
dbo,notice_content,notice_content_content#_index,CLUSTERED,,yes,1,batch#,ASC,KEY
dbo,notice_content,notice_content_content#_index,CLUSTERED,,yes,2,content#,ASC,KEY
dbo,notice_content,notice_content_content#_index,CLUSTERED,,yes,3,group_id,ASC,KEY
dbo,notice_content,notice_content_content#_index,CLUSTERED,,yes,4,burb_ref#,ASC,KEY
dbo,notice_recipient,notice_recipient_batch#_index,NONCLUSTERED,,,1,batch#,ASC,KEY
dbo,notice_recipient,notice_recipient_batch#_index,NONCLUSTERED,,,2,content#,ASC,KEY
dbo,notice_recipient,notice_recipient_rec#_index,CLUSTERED,,yes,1,batch#,ASC,KEY
dbo,notice_recipient,notice_recipient_rec#_index,CLUSTERED,,yes,2,content#,ASC,KEY
dbo,notice_recipient,notice_recipient_rec#_index,CLUSTERED,,yes,3,recipient_borrower#,ASC,KEY
dbo,null_base_table,null_base_table_auth_index,NONCLUSTERED,,yes,1,auth#,ASC,KEY
dbo,null_base_table,null_base_table_bib_index,NONCLUSTERED,,yes,1,bib#,ASC,KEY
dbo,null_base_table,null_base_table_index,CLUSTERED,,yes,1,null_index,ASC,KEY
dbo,ocirc_borrower,ocirc_borrower_index,CLUSTERED,,yes,1,borrower#,ASC,KEY
dbo,ocirc_borrower_upload,ocirc_borr_upload_num_index,NONCLUSTERED,,,1,borrower#,ASC,KEY
dbo,ocirc_borrower_upload,ocirc_borr_upload_ord_index,NONCLUSTERED,,yes,1,ord,ASC,KEY
dbo,ocirc_data,ocirc_data_circ_point_index,CLUSTERED,,yes,1,circ_point,ASC,KEY
dbo,ocirc_data,ocirc_data_circ_point_index,CLUSTERED,,yes,2,date,ASC,KEY
dbo,ocirc_data,ocirc_data_date_index,NONCLUSTERED,,,1,date,ASC,KEY
dbo,ocirc_setup,PKocirc_setup,CLUSTERED,,yes,1,location,ASC,KEY
dbo,ocirc_transaction_code,PKocirc_transaction_code,CLUSTERED,,yes,1,transaction_code,ASC,KEY
dbo,ocirc_trap_block,ocirc_trap_block,CLUSTERED,,yes,1,location,ASC,KEY
dbo,ocirc_trap_block,ocirc_trap_block,CLUSTERED,,yes,2,block,ASC,KEY
dbo,olga,olga_index,CLUSTERED,,yes,1,serial#,ASC,KEY
dbo,olga,olga_index,CLUSTERED,,yes,2,run_code,ASC,KEY
dbo,olga,olga_index,CLUSTERED,,yes,3,applicability_date,ASC,KEY
dbo,olga,olga_index,CLUSTERED,,yes,4,olga_ord,ASC,KEY
dbo,owner,owner_entry_code,NONCLUSTERED,,yes,1,entry_code,ASC,KEY
dbo,owner,PK_OWNER,CLUSTERED,,yes,1,owner#,ASC,KEY
dbo,p_invoice,p_invoice_index,CLUSTERED,,,1,invoice_number,ASC,KEY
dbo,p_invoice,p_invoice_index,CLUSTERED,,,2,po#,ASC,KEY
dbo,pac,pac_index,CLUSTERED,,yes,1,search,ASC,KEY
dbo,pac_access_type,pac_access_type_index,CLUSTERED,,yes,1,pac_access_type,ASC,KEY
dbo,pac_location,pac_location_index,CLUSTERED,,yes,1,location,ASC,KEY
dbo,pac_location,pac_location_index,CLUSTERED,,yes,2,display_level,ASC,KEY
dbo,pac_location,pac_location_index,CLUSTERED,,yes,3,pac_location,ASC,KEY
dbo,pac_mq_server,pac_mq_server_index,CLUSTERED,,yes,1,search,ASC,KEY
dbo,pac_mq_server,pac_mq_server_index,CLUSTERED,,yes,2,server_name,ASC,KEY
dbo,pac_other_bibdisp,pac_other_bibdisp_index,CLUSTERED,,yes,1,search,ASC,KEY
dbo,pac_other_bibdisp,pac_other_bibdisp_index,CLUSTERED,,yes,2,bib_display_view,ASC,KEY
dbo,pac_rbr_location,pac_rbr_location_index,CLUSTERED,,yes,1,search,ASC,KEY
dbo,pac_rbr_location,pac_rbr_location_index,CLUSTERED,,yes,2,ord,ASC,KEY
dbo,pac_resource_type,pac_resource_type_index,CLUSTERED,,yes,1,pac_resource_type,ASC,KEY
dbo,pac_resource_type_limit,pac_resource_type_limit_index,CLUSTERED,,yes,1,pac_access_type,ASC,KEY
dbo,pac_resource_type_limit,pac_resource_type_limit_index,CLUSTERED,,yes,2,pac_resource_type,ASC,KEY
dbo,pac_restriction,pac_restriction_index,CLUSTERED,,yes,1,search,ASC,KEY
dbo,pac_restriction,pac_restriction_index,CLUSTERED,,yes,2,ord,ASC,KEY
dbo,pac_restriction,pac_restriction_index2,NONCLUSTERED,,yes,1,search,ASC,KEY
dbo,pac_restriction,pac_restriction_index2,NONCLUSTERED,,yes,2,restriction,ASC,KEY
dbo,pac_restriction_location,pac_restriction_loc_index2,NONCLUSTERED,,yes,1,search,ASC,KEY
dbo,pac_restriction_location,pac_restriction_loc_index2,NONCLUSTERED,,yes,2,location,ASC,KEY
dbo,pac_restriction_location,pac_restriction_location_index,CLUSTERED,,yes,1,search,ASC,KEY
dbo,pac_restriction_location,pac_restriction_location_index,CLUSTERED,,yes,2,ord,ASC,KEY
dbo,pac_z39_50_server,pac_z39_50_server_index,CLUSTERED,,yes,1,search,ASC,KEY
dbo,pac_z39_50_server,pac_z39_50_server_index,CLUSTERED,,yes,2,server_name,ASC,KEY
dbo,passkey,passkey_index,CLUSTERED,,yes,1,passkey,ASC,KEY
dbo,pauthor,pauthor_auth#_index,NONCLUSTERED,,,1,auth#,ASC,KEY
dbo,pauthor,pauthor_index,CLUSTERED,,,1,processed,ASC,KEY
dbo,pauthor,pauthor_index,CLUSTERED,,,2,auth#,ASC,KEY
dbo,pauthor_word,pauthor_word_auth#_index,NONCLUSTERED,,,1,auth#,ASC,KEY
dbo,pauthor_word,pauthor_word_word_index,CLUSTERED,,yes,1,word#,ASC,KEY
dbo,pauthor_word,pauthor_word_word_index,CLUSTERED,,yes,2,auth#,ASC,KEY
dbo,payment_invoice_newkey,PK_payment_invoice_newkey,CLUSTERED,,yes,1,location,ASC,KEY
dbo,payment_type,PK_payment_type,CLUSTERED,,yes,1,payment_type,ASC,KEY
dbo,payment_type,UK_bc_payment_policy,NONCLUSTERED,,yes,1,bc_payment_policy,ASC,KEY
dbo,pending_auto_renewal_notice,PK_pending_auto_renewal_notice,CLUSTERED,,yes,1,borrower#,ASC,KEY
dbo,pending_auto_renewal_notice,PK_pending_auto_renewal_notice,CLUSTERED,,yes,2,item#,ASC,KEY
dbo,pending_notice,peno_borrower#_index,CLUSTERED,,,1,borrower#,ASC,KEY
dbo,per_title,per_title_bib#_index,NONCLUSTERED,,,1,bib#,ASC,KEY
dbo,per_title,per_title_index,CLUSTERED,,,1,processed,ASC,KEY
dbo,per_title,per_title_index,CLUSTERED,,,2,id#,ASC,KEY
dbo,per_title,per_title_row_id_index,NONCLUSTERED,,yes,1,id#,ASC,KEY
dbo,period,PERIOD_PK,CLUSTERED,,yes,1,period,ASC,KEY
dbo,pfw_other_libraries,pfw_other_libraries_index,CLUSTERED,,yes,1,search,ASC,KEY
dbo,pfw_other_libraries,pfw_other_libraries_index,CLUSTERED,,yes,2,ord,ASC,KEY
dbo,pfw_search_group,pfw_search_group_index,CLUSTERED,,yes,1,search,ASC,KEY
dbo,pfw_search_group,pfw_search_group_index,CLUSTERED,,yes,2,group_ord,ASC,KEY
dbo,pfw_search_tab_searches,pfw_search_tab_searches_index,CLUSTERED,,yes,1,search,ASC,KEY
dbo,pfw_search_tab_searches,pfw_search_tab_searches_index,CLUSTERED,,yes,2,group_ord,ASC,KEY
dbo,pfw_search_tab_searches,pfw_search_tab_searches_index,CLUSTERED,,yes,3,tab_order,ASC,KEY
dbo,pfw_search_tab_searches,pfw_search_tab_searches_index,CLUSTERED,,yes,4,tab_search_order,ASC,KEY
dbo,pfw_search_tabs,pfw_search_tabs_index,CLUSTERED,,yes,1,search,ASC,KEY
dbo,pfw_search_tabs,pfw_search_tabs_index,CLUSTERED,,yes,2,group_ord,ASC,KEY
dbo,pfw_search_tabs,pfw_search_tabs_index,CLUSTERED,,yes,3,tab_order,ASC,KEY
dbo,phone_type,phone_type_index,CLUSTERED,,yes,1,phone_type,ASC,KEY
dbo,pick_list_source,pick_list_source_index,CLUSTERED,,yes,1,item#,ASC,KEY
dbo,pickup_location_sort,pickup_location_sort_index,CLUSTERED,,yes,1,location,ASC,KEY
dbo,pickup_location_sort,pickup_location_sort_index,CLUSTERED,,yes,2,pickup_location,ASC,KEY
dbo,pickup_location_sort,pickup_location_sortord_index,NONCLUSTERED,,yes,1,location,ASC,KEY
dbo,pickup_location_sort,pickup_location_sortord_index,NONCLUSTERED,,yes,2,ord,ASC,KEY
dbo,pilot_deletethesebibs,cx_pilot_deletethesebibs,CLUSTERED,,yes,1,bib#,ASC,KEY
dbo,pilot_indexthesebibs,cx_pilot_indexthesebibs,CLUSTERED,,yes,1,bib#,ASC,KEY
dbo,pilot_indexthesebibs,cx_pilot_indexthesebibs,CLUSTERED,,yes,2,dt,ASC,KEY
dbo,pms_bib,pms_bib_index,NONCLUSTERED,,yes,1,bib#,ASC,KEY
dbo,pms_item,pms_item_index,NONCLUSTERED,,yes,1,item#,ASC,KEY
dbo,po,po_index,NONCLUSTERED,,yes,1,po#,ASC,KEY
dbo,po,po_number_index,NONCLUSTERED,,yes,1,po_number,ASC,KEY
dbo,po,po_renewal_type_index,NONCLUSTERED,,,1,renewal_type,ASC,KEY
dbo,po,po_vendor_index,NONCLUSTERED,,,1,vendor#,ASC,KEY
dbo,po,po_vendor_index,NONCLUSTERED,,,2,vendor_contract,ASC,KEY
dbo,po_activity_type,po_activity_type_index,CLUSTERED,,yes,1,po_activity_type,ASC,KEY
dbo,po_line,po_line_bib_index,NONCLUSTERED,,,1,bib#,ASC,KEY
dbo,po_line,po_line_ean_gtin_index,NONCLUSTERED,,,1,ean_gtin,ASC,KEY
dbo,po_line,po_line_index,NONCLUSTERED,,yes,1,po#,ASC,KEY
dbo,po_line,po_line_index,NONCLUSTERED,,yes,2,line,ASC,KEY
dbo,po_line,po_line_isbn_index,NONCLUSTERED,,,1,isbn,ASC,KEY
dbo,po_line,po_line_ismn_index,NONCLUSTERED,,,1,ismn,ASC,KEY
dbo,po_line,po_line_issn_index,NONCLUSTERED,,,1,issn,ASC,KEY
dbo,po_line,po_line_renew_id_index,NONCLUSTERED,,,1,renew_id,ASC,KEY
dbo,po_line,po_line_vendor_prod_id_index,NONCLUSTERED,,,1,vendor_product_id,ASC,KEY
dbo,po_line_item,po_line_item_approve_index,NONCLUSTERED,,,1,approve_date,ASC,KEY
dbo,po_line_item,po_line_item_index,CLUSTERED,,yes,1,po#,ASC,KEY
dbo,po_line_item,po_line_item_index,CLUSTERED,,yes,2,line,ASC,KEY
dbo,po_line_item,po_line_item_index,CLUSTERED,,yes,3,item,ASC,KEY
dbo,po_line_item,po_line_item_item_index,NONCLUSTERED,,,1,item#,ASC,KEY
dbo,po_line_item,poliit_borrower#_index,NONCLUSTERED,,,1,borrower#,ASC,KEY
dbo,po_line_item_budget,po_line_item_budget_index,CLUSTERED,,yes,1,po#,ASC,KEY
dbo,po_line_item_budget,po_line_item_budget_index,CLUSTERED,,yes,2,line,ASC,KEY
dbo,po_line_item_budget,po_line_item_budget_index,CLUSTERED,,yes,3,item,ASC,KEY
dbo,po_line_item_budget,po_line_item_budget_index,CLUSTERED,,yes,4,budget,ASC,KEY
dbo,po_line_item_budget_amount,po_line_item_budget_amt_index,NONCLUSTERED,,yes,1,po#,ASC,KEY
dbo,po_line_item_budget_amount,po_line_item_budget_amt_index,NONCLUSTERED,,yes,2,line,ASC,KEY
dbo,po_line_item_budget_amount,po_line_item_budget_amt_index,NONCLUSTERED,,yes,3,item,ASC,KEY
dbo,po_line_item_budget_amount,po_line_item_budget_amt_index,NONCLUSTERED,,yes,4,timestamp,ASC,KEY
dbo,po_line_item_budget_amount,poliba_budget_index,NONCLUSTERED,,,1,budget,ASC,KEY
dbo,po_line_item_budget_amount,poliba_statement_index,NONCLUSTERED,,,1,statement#,ASC,KEY
dbo,po_line_item_budget_amount,poliba_voucher_index,NONCLUSTERED,,,1,voucher#,ASC,KEY
dbo,po_line_item_budget_pattern,po_line_item_budget_pat_index,CLUSTERED,,yes,1,po_line_pattern#,ASC,KEY
dbo,po_line_item_budget_pattern,po_line_item_budget_pat_index,CLUSTERED,,yes,2,item,ASC,KEY
dbo,po_line_item_budget_pattern,po_line_item_budget_pat_index,CLUSTERED,,yes,3,account,ASC,KEY
dbo,po_line_item_history,po_line_item_history_index,CLUSTERED,,yes,1,po#,ASC,KEY
dbo,po_line_item_history,po_line_item_history_index,CLUSTERED,,yes,2,line,ASC,KEY
dbo,po_line_item_history,po_line_item_history_index,CLUSTERED,,yes,3,item,ASC,KEY
dbo,po_line_item_history,po_line_item_history_index,CLUSTERED,,yes,4,timestamp,ASC,KEY
dbo,po_line_item_history,polih_activity_date_index,NONCLUSTERED,,,1,po_activity_type,ASC,KEY
dbo,po_line_item_history,polih_activity_date_index,NONCLUSTERED,,,2,date,ASC,KEY
dbo,po_line_item_pattern,po_line_item_pattern_index,CLUSTERED,,yes,1,po_line_pattern#,ASC,KEY
dbo,po_line_item_pattern,po_line_item_pattern_index,CLUSTERED,,yes,2,item,ASC,KEY
dbo,po_line_item_pattern,poliitpa_borrower#_index,NONCLUSTERED,,,1,borrower#,ASC,KEY
dbo,po_line_pattern,po_line_pattern_index,NONCLUSTERED,,yes,1,po_line_pattern#,ASC,KEY
dbo,po_line_pattern,po_line_pattern_pattern_index,CLUSTERED,,yes,1,pattern,ASC,KEY
dbo,po_line_word,po_line_word_index,CLUSTERED,,yes,1,word#,ASC,KEY
dbo,po_line_word,po_line_word_index,CLUSTERED,,yes,2,po#,ASC,KEY
dbo,po_line_word,po_line_word_index,CLUSTERED,,yes,3,line,ASC,KEY
dbo,po_line_word,po_line_word_po_line_index,NONCLUSTERED,,,1,po#,ASC,KEY
dbo,po_line_word,po_line_word_po_line_index,NONCLUSTERED,,,2,line,ASC,KEY
dbo,po_old,po_index,CLUSTERED,,yes,1,po#,ASC,KEY
dbo,po_old,po_number_index,NONCLUSTERED,,yes,1,po_number,ASC,KEY
dbo,po_old,po_vendor_index,NONCLUSTERED,,,1,vendor#,ASC,KEY
dbo,po_template,po_template_index,CLUSTERED,,yes,1,po_template,ASC,KEY
dbo,po_type,po_type_index,CLUSTERED,,yes,1,po_type,ASC,KEY
dbo,poliba1,poliba1_index,NONCLUSTERED,,,1,budget,ASC,KEY
dbo,poliba2,poliba2_index,NONCLUSTERED,,,1,budget,ASC,KEY
dbo,polstat,polstat_index,CLUSTERED,,yes,1,polstat,ASC,KEY
dbo,post_upgrade_spaceused,PK_post_upgrade_spaceused,CLUSTERED,,yes,1,table_name,ASC,KEY
dbo,pr,pr_bib_index,NONCLUSTERED,,,1,bib#,ASC,KEY
dbo,pr,pr_ean_gtin_index,NONCLUSTERED,,,1,ean_gtin,ASC,KEY
dbo,pr,pr_index,CLUSTERED,,yes,1,pr#,ASC,KEY
dbo,pr,pr_isbn_index,NONCLUSTERED,,,1,isbn,ASC,KEY
dbo,pr,pr_ismn_index,NONCLUSTERED,,,1,ismn,ASC,KEY
dbo,pr,pr_issn_index,NONCLUSTERED,,,1,issn,ASC,KEY
dbo,pr,pr_selection_index,NONCLUSTERED,,,1,selection,ASC,KEY
dbo,pr,pr_vendor_product_id_index,NONCLUSTERED,,,1,vendor_product_id,ASC,KEY
dbo,pr_category,pr_category_index,CLUSTERED,,yes,1,pr#,ASC,KEY
dbo,pr_category,pr_category_index,CLUSTERED,,yes,2,pr_category_code,ASC,KEY
dbo,pr_category_code,pr_category_code_index,CLUSTERED,,yes,1,pr_category_code,ASC,KEY
dbo,pr_distribution,pr_distribution_budget_index,NONCLUSTERED,,,1,budget,ASC,KEY
dbo,pr_distribution,pr_distribution_index,CLUSTERED,,yes,1,pr#,ASC,KEY
dbo,pr_distribution,pr_distribution_index,CLUSTERED,,yes,2,location,ASC,KEY
dbo,pr_distribution,pr_distribution_index,CLUSTERED,,yes,3,collection,ASC,KEY
dbo,pr_distribution,pr_distribution_index,CLUSTERED,,yes,4,itype,ASC,KEY
dbo,pr_distribution,pr_distribution_index,CLUSTERED,,yes,5,budget,ASC,KEY
dbo,pr_distribution,pr_distribution_location_index,NONCLUSTERED,,,1,location,ASC,KEY
dbo,pr_word,pr_word_index,CLUSTERED,,yes,1,word#,ASC,KEY
dbo,pr_word,pr_word_index,CLUSTERED,,yes,2,pr#,ASC,KEY
dbo,pr_word,pr_word_pr_index,NONCLUSTERED,,,1,pr#,ASC,KEY
dbo,pre_scki_note,pre_scki_note_index,CLUSTERED,,yes,1,serial#,ASC,KEY
dbo,pre_upgrade_spaceused,PK_pre_upgrade_spaceused,CLUSTERED,,yes,1,table_name,ASC,KEY
dbo,pref_group,PK_PREF_GROUP,CLUSTERED,,yes,1,pref_group#,ASC,KEY
dbo,pref_setting,PK_PREF_SETTING,CLUSTERED,,yes,1,pref_category,ASC,KEY
dbo,pref_setting,PK_PREF_SETTING,CLUSTERED,,yes,2,pref_group#,ASC,KEY
dbo,pref_setting,PK_PREF_SETTING,CLUSTERED,,yes,3,user_id,ASC,KEY
dbo,pref_setting,PK_PREF_SETTING,CLUSTERED,,yes,4,pref_id,ASC,KEY
dbo,primo_load,idx,NONCLUSTERED,,,1,bib#,ASC,KEY
dbo,print_format_block,print_format_block_index,CLUSTERED,,yes,1,location,ASC,KEY
dbo,print_format_block,print_format_block_index,CLUSTERED,,yes,2,block_print_type,ASC,KEY
dbo,print_format_block_area1,print_format_block_a1_index,CLUSTERED,,yes,1,location,ASC,KEY
dbo,print_format_block_area1,print_format_block_a1_index,CLUSTERED,,yes,2,block_print_type,ASC,KEY
dbo,print_format_block_area1,print_format_block_a1_index,CLUSTERED,,yes,3,ord,ASC,KEY
dbo,print_format_block_area2,print_format_block_a2_index,CLUSTERED,,yes,1,location,ASC,KEY
dbo,print_format_block_area2,print_format_block_a2_index,CLUSTERED,,yes,2,block_print_type,ASC,KEY
dbo,print_format_block_area2,print_format_block_a2_index,CLUSTERED,,yes,3,ord,ASC,KEY
dbo,print_format_block_area3,print_format_block_a3_index,CLUSTERED,,yes,1,location,ASC,KEY
dbo,print_format_block_area3,print_format_block_a3_index,CLUSTERED,,yes,2,block_print_type,ASC,KEY
dbo,print_format_block_area3,print_format_block_a3_index,CLUSTERED,,yes,3,ord,ASC,KEY
dbo,printer_queue,PKprinter_queue,CLUSTERED,,yes,1,printq,ASC,KEY
dbo,privilege,PK_PRIVILEGE,CLUSTERED,,yes,1,privilege#,ASC,KEY
dbo,privilege_local,PK_PRIVILEGE_LOCAL,CLUSTERED,,yes,1,privilege_local#,ASC,KEY
dbo,processor,processor_index,CLUSTERED,,yes,1,processor,ASC,KEY
dbo,program_feature,program_feature_index,CLUSTERED,,yes,1,program_name,ASC,KEY
dbo,program_feature,program_feature_index,CLUSTERED,,yes,2,program_feature,ASC,KEY
dbo,pubdate_inverted,pubdate_inverted_bib_idx,NONCLUSTERED,,,1,bib#,ASC,KEY
dbo,pubdate_inverted,pubdate_inverted_idx,CLUSTERED,,yes,1,pubdate,ASC,KEY
dbo,pubdate_inverted,pubdate_inverted_idx,CLUSTERED,,yes,2,bib#,ASC,KEY
dbo,publication_pattern,publication_pattern_index,CLUSTERED,,yes,1,publication_pattern,ASC,KEY
dbo,publisher_inverted,publisher_inverted_bib_idx,NONCLUSTERED,,,1,bib#,ASC,KEY
dbo,publisher_inverted,publisher_inverted_idx,CLUSTERED,,yes,1,publisher,ASC,KEY
dbo,publisher_inverted,publisher_inverted_idx,CLUSTERED,,yes,2,bib#,ASC,KEY
dbo,pwd_complexity_profile,PK_pwd_complex_profile,CLUSTERED,,yes,1,profile_id,ASC,KEY
dbo,pwd_disallowed,PK_pwd_disallowed,CLUSTERED,,yes,1,pwd_disallowed,ASC,KEY
dbo,ranny_callno,idx,NONCLUSTERED,,,1,bib#,ASC,KEY
dbo,ranny_pubdate,idx,NONCLUSTERED,,,1,bib#,ASC,KEY
dbo,rbr_ict,rbr_ict_bib_index,NONCLUSTERED,,,1,bib#,ASC,KEY
dbo,rbr_ict,rbr_ict_course_index,NONCLUSTERED,,,1,course_group#,ASC,KEY
dbo,rbr_ict,rbr_ict_index,CLUSTERED,,yes,1,location,ASC,KEY
dbo,rbr_ict,rbr_ict_index,CLUSTERED,,yes,2,instructor#,ASC,KEY
dbo,rbr_ict,rbr_ict_index,CLUSTERED,,yes,3,course_group#,ASC,KEY
dbo,rbr_ict,rbr_ict_index,CLUSTERED,,yes,4,bib#,ASC,KEY
dbo,rbr_ict,rbr_ict_instructor_index,NONCLUSTERED,,,1,instructor#,ASC,KEY
dbo,rbr_title,rbr_title_bib_index,NONCLUSTERED,,,1,bib#,ASC,KEY
dbo,rbr_title,rbr_title_index,CLUSTERED,,yes,1,location,ASC,KEY
dbo,rbr_title,rbr_title_index,CLUSTERED,,yes,2,bib#,ASC,KEY
dbo,rc_abhistory,rc_abhistory_borr_idx,NONCLUSTERED,,,1,borrower#,ASC,KEY
dbo,rc_abhistory,rc_abhistory_idx,CLUSTERED,,yes,1,location,ASC,KEY
dbo,rc_abhistory,rc_abhistory_idx,CLUSTERED,,yes,2,bib#,ASC,KEY
dbo,rc_abhistory,rc_abhistory_idx,CLUSTERED,,yes,3,itype,ASC,KEY
dbo,rc_abhistory,rc_abhistory_idx,CLUSTERED,,yes,4,pickup_date,ASC,KEY
dbo,rc_abhistory,rc_abhistory_idx,CLUSTERED,,yes,5,pickup_time,ASC,KEY
dbo,rc_abhistory,rc_abhistory_idx,CLUSTERED,,yes,6,borrower#,ASC,KEY
dbo,rc_ai_item_status,rc_ai_item_status_idx,CLUSTERED,,yes,1,location,ASC,KEY
dbo,rc_ai_item_status,rc_ai_item_status_idx,CLUSTERED,,yes,2,item_status,ASC,KEY
dbo,rc_archive,rc_archive_idx,CLUSTERED,,yes,1,ibarcode,ASC,KEY
dbo,rc_archive,rc_archive_item_idx,NONCLUSTERED,,,1,item#,ASC,KEY
dbo,rc_bib_unique,bib_idx,CLUSTERED,,yes,1,bib#,ASC,KEY
dbo,rc_input,rc_input_idx,CLUSTERED,,yes,1,InputName,ASC,KEY
dbo,rc_input,rc_input_idx,CLUSTERED,,yes,2,InputDate,ASC,KEY
dbo,rc_inventory,rc_inventory_ibarcode_idx,NONCLUSTERED,,,1,ibarcode,ASC,KEY
dbo,rc_inventory,rc_inventory_idx,CLUSTERED,,yes,1,ibarcode,ASC,KEY
dbo,rc_inventory,rc_inventory_item_idx,NONCLUSTERED,,,1,item#,ASC,KEY
dbo,rc_inventory_collection,rc_inventory_collection_idx,CLUSTERED,,yes,1,location,ASC,KEY
dbo,rc_inventory_collection,rc_inventory_collection_idx,CLUSTERED,,yes,2,collection,ASC,KEY
dbo,rc_item_gdm,item_idx,CLUSTERED,,yes,1,item#,ASC,KEY
dbo,rc_item_ip,item,CLUSTERED,,yes,1,item#,ASC,KEY
dbo,rc_mcol,rc_mcol_index,CLUSTERED,,yes,1,collection,ASC,KEY
dbo,rec_report,idx,NONCLUSTERED,,,1,bib#,ASC,KEY
dbo,recall,recall_index,CLUSTERED,,yes,1,item#,ASC,KEY
dbo,recall_reason,reason_index,CLUSTERED,,yes,1,recall_reason,ASC,KEY
dbo,redirectFix,idx,NONCLUSTERED,,,1,bib#,ASC,KEY
dbo,reliance_exception,PKreliance_exception,CLUSTERED,,yes,1,reliance_exception#,ASC,KEY
dbo,reliance_exception,reliance_exception_item_index,NONCLUSTERED,,,1,item#,ASC,KEY
dbo,reliance_transaction,reliance_transaction_index,CLUSTERED,,yes,1,process_date,ASC,KEY
dbo,reliance_transaction,reliance_transaction_index,CLUSTERED,,yes,2,process_time,ASC,KEY
dbo,reliance_transaction,reliance_transaction_index,CLUSTERED,,yes,3,upload_sequence,ASC,KEY
dbo,reliance_transaction,reliance_transaction_index,CLUSTERED,,yes,4,ord,ASC,KEY
dbo,reliance_transaction,reliance_unique_index,NONCLUSTERED,,yes,1,upload_sequence,ASC,KEY
dbo,reliance_transaction,reliance_unique_index,NONCLUSTERED,,yes,2,ord,ASC,KEY
dbo,request,ill_request_index,NONCLUSTERED,,,1,ill_request#,ASC,KEY
dbo,request,request_bib_index,NONCLUSTERED,,yes,1,bib#,ASC,KEY
dbo,request,request_bib_index,NONCLUSTERED,,yes,2,bib_queue_ord,ASC,KEY
dbo,request,request_borrower_index,NONCLUSTERED,,,1,borrower#,ASC,KEY
dbo,request,request_date_time_index,NONCLUSTERED,,,1,request_date,ASC,KEY
dbo,request,request_date_time_index,NONCLUSTERED,,,2,request_time,ASC,KEY
dbo,request,request_index,CLUSTERED,,yes,1,request#,ASC,KEY
dbo,request,request_item_index,NONCLUSTERED,,,1,item#,ASC,KEY
dbo,request,request_item_index,NONCLUSTERED,,,2,request_status,ASC,KEY
dbo,request,request_item_index,NONCLUSTERED,,,3,bib_queue_ord,ASC,KEY
dbo,request,request_item_index,NONCLUSTERED,,,4,bib#,ASC,KEY
dbo,request,request_item_index,NONCLUSTERED,,,5,pickup_location,ASC,KEY
dbo,request,request_item_index,NONCLUSTERED,,,6,timestamp,ASC,KEY
dbo,request,request_print_job_index,NONCLUSTERED,,,1,csa_print_job#,ASC,KEY
dbo,request,request_printer_queue_index,NONCLUSTERED,,,1,csa_printer_queue,ASC,KEY
dbo,request,request_status_index,NONCLUSTERED,,,1,request_status,ASC,KEY
dbo,request,request_status_index,NONCLUSTERED,,,2,item#,ASC,KEY
dbo,request,request_status_index,NONCLUSTERED,,,3,bib#,ASC,KEY
dbo,request,request_status_index,NONCLUSTERED,,,4,bib_queue_ord,ASC,KEY
dbo,request,request_status_index,NONCLUSTERED,,,5,pickup_location,ASC,KEY
dbo,request_history,req_his_bib_x,NONCLUSTERED,,,1,bib_id,ASC,KEY
dbo,request_history,req_his_fill_date_x,NONCLUSTERED,,,1,fill_date,ASC,KEY
dbo,request_history,req_his_hold_date_x,NONCLUSTERED,,,1,on_hold_date,ASC,KEY
dbo,request_history,req_his_id_x,NONCLUSTERED,,,1,request_id,ASC,KEY
dbo,request_history,req_his_item_x,NONCLUSTERED,,,1,item_id,ASC,KEY
dbo,request_history,req_his_res_date_x,NONCLUSTERED,,,1,resolved_date,ASC,KEY
dbo,request_history,req_his_res_status_x,NONCLUSTERED,,,1,request_id,ASC,KEY
dbo,request_history,req_his_res_status_x,NONCLUSTERED,,,2,resolved_status,ASC,KEY
dbo,resBibs,bib_idx,NONCLUSTERED,,,1,bib#,ASC,KEY
dbo,reset_pin,PK_borrower#,CLUSTERED,,yes,1,borrower#,ASC,KEY
dbo,reset_pin,reset_pin_index,NONCLUSTERED,,,1,token,ASC,KEY
dbo,restriction,restriction_index,CLUSTERED,,yes,1,restriction,ASC,KEY
dbo,restriction_definition,restriction_definition_index,CLUSTERED,,yes,1,restriction,ASC,KEY
dbo,restriction_definition,restriction_definition_index,CLUSTERED,,yes,2,ord,ASC,KEY
dbo,rotation_group,PK_rotation_group,CLUSTERED,,yes,1,rotation_group,ASC,KEY
dbo,rotation_item,PK_rotation_item,NONCLUSTERED,,yes,1,item#,ASC,KEY
dbo,rotation_route,PK_rotation_route,CLUSTERED,,yes,1,rotation_route,ASC,KEY
dbo,rotation_route_location,PK_rotation_route_location,CLUSTERED,,yes,1,rotation_route,ASC,KEY
dbo,rotation_route_location,PK_rotation_route_location,CLUSTERED,,yes,2,ord,ASC,KEY
dbo,RptManager,PK1,CLUSTERED,,yes,1,Id,ASC,KEY
dbo,run_code,run_code_index,CLUSTERED,,yes,1,run_code,ASC,KEY
dbo,rv_budget_trans_amt_type,PK_rv_budget_trans_amt_type,CLUSTERED,,yes,1,budget_trans_amt_type,ASC,KEY
dbo,rv_budget_transaction_source,PK_rv_bdgt_tran_source,CLUSTERED,,yes,1,budget_trans_source,ASC,KEY
dbo,rv_burb_amount_by_location,PK_rv_burb_amount_by_location,CLUSTERED,,yes,1,location,ASC,KEY
dbo,rv_calendar_day,PK_rv_calendar_day,CLUSTERED,,yes,1,day_id,ASC,KEY
dbo,rv_calendar_month,PK_rv_calendar_month,CLUSTERED,,yes,1,month_id,ASC,KEY
dbo,rv_calendar_month_of_year,PK_rv_calendar_month_of_year,CLUSTERED,,yes,1,month,ASC,KEY
dbo,rv_calendar_quarter,PK_rv_calendar_quarter,CLUSTERED,,yes,1,quarter_id,ASC,KEY
dbo,rv_calendar_week,PK_rv_calendar_week,CLUSTERED,,yes,1,week_id,ASC,KEY
dbo,rv_calendar_week,rv_cw_bwd_idx,NONCLUSTERED,,,1,beg_week_day_id,ASC,KEY
dbo,rv_calendar_week,rv_cw_ewd_idx,NONCLUSTERED,,,1,end_week_day_id,ASC,KEY
dbo,rv_calendar_year,PK_rv_calendar_year,CLUSTERED,,yes,1,year_id,ASC,KEY
dbo,rv_calendar_year,rv_cy_bjd_idx,NONCLUSTERED,,,1,beg_year_day_id,ASC,KEY
dbo,rv_calendar_year,rv_cy_eyd_idx,NONCLUSTERED,,,1,end_year_day_id,ASC,KEY
dbo,rv_spent_flag,PK_rv_spent_flag,CLUSTERED,,yes,1,spent_flag,ASC,KEY
dbo,rv_unicode_rpt_map,PK_rv_unicode_rpt_map,CLUSTERED,,yes,1,input_char,ASC,KEY
dbo,safari_bib,idx,NONCLUSTERED,,,1,bib#,ASC,KEY
dbo,SAP_fields,sap_fields_index,CLUSTERED,,yes,1,SAP_field,ASC,KEY
dbo,SAP_function,sap_function_index,CLUSTERED,,yes,1,SAP_FUNCTION,ASC,KEY
dbo,SAP_function_definition,sap_function_definition_index,CLUSTERED,,yes,1,SAP_function_definition,ASC,KEY
dbo,SAP_FUNCTION_PARAMETER,sap_function_parameter_index,CLUSTERED,,yes,1,SAP_function,ASC,KEY
dbo,SAP_FUNCTION_PARAMETER,sap_function_parameter_index,CLUSTERED,,yes,2,parm_ord,ASC,KEY
dbo,SAP_HORIZON,sap_horizon_field_index,NONCLUSTERED,,yes,1,SAP_interface,ASC,KEY
dbo,SAP_HORIZON,sap_horizon_field_index,NONCLUSTERED,,yes,2,SAP_FIELD,ASC,KEY
dbo,SAP_HORIZON,sap_horizon_ord_index,CLUSTERED,,yes,1,SAP_interface,ASC,KEY
dbo,SAP_HORIZON,sap_horizon_ord_index,CLUSTERED,,yes,2,record_ord,ASC,KEY
dbo,SAP_interface,sap_interface_index,CLUSTERED,,yes,1,sap_interface,ASC,KEY
dbo,SAP_query,sap_query_index,CLUSTERED,,yes,1,SAP_query,ASC,KEY
dbo,SAP_query_column,SAP_query_column_index,CLUSTERED,,yes,1,SAP_query_column,ASC,KEY
dbo,SAP_view_column,SAP_view_column_index,CLUSTERED,,yes,1,SAP_view_column,ASC,KEY
dbo,SAP_where_clause,sap_where_clause_index,CLUSTERED,,yes,1,SAP_where_clause,ASC,KEY
dbo,SAP_where_clause_line,sap_where_clause_line_index,CLUSTERED,,,1,SAP_where_clause,ASC,KEY
dbo,SAP_where_clause_line,sap_where_clause_line_index,CLUSTERED,,,2,SAP_view_column,ASC,KEY
dbo,scki_location,scki_location_index,CLUSTERED,,yes,1,location,ASC,KEY
dbo,scki_location,scki_location_index,CLUSTERED,,yes,2,scki_location,ASC,KEY
dbo,scripts_word,scripts_word_bib_index,NONCLUSTERED,,,1,bib#,ASC,KEY
dbo,scripts_word,scripts_word_index,CLUSTERED,,yes,1,word#,ASC,KEY
dbo,scripts_word,scripts_word_index,CLUSTERED,,yes,2,bib#,ASC,KEY
dbo,search,search_index,CLUSTERED,,yes,1,search,ASC,KEY
dbo,search,search_index,CLUSTERED,,yes,2,option_number,ASC,KEY
dbo,search_alternate,PK_SEARCH_ALTERNATE,CLUSTERED,,yes,1,search,ASC,KEY
dbo,search_alternate,PK_SEARCH_ALTERNATE,CLUSTERED,,yes,2,location,ASC,KEY
dbo,search_filter,search_filter_index,CLUSTERED,,yes,1,search_filter,ASC,KEY
dbo,search_filter_query,search_filter_query_index,CLUSTERED,,yes,1,search_filter_query#,ASC,KEY
dbo,search_link_class_filter,search_filter_priority_index,NONCLUSTERED,,yes,1,search,ASC,KEY
dbo,search_link_class_filter,search_filter_priority_index,NONCLUSTERED,,yes,2,priority,ASC,KEY
dbo,search_link_class_filter,search_link_class_filter_index,CLUSTERED,,yes,1,search,ASC,KEY
dbo,search_link_class_filter,search_link_class_filter_index,CLUSTERED,,yes,2,link_class,ASC,KEY
dbo,search_mq_index,search_mq_index_index,CLUSTERED,,yes,1,search,ASC,KEY
dbo,search_mq_index,search_mq_index_index,CLUSTERED,,yes,2,option_number,ASC,KEY
dbo,search_mq_index,search_mq_index_index,CLUSTERED,,yes,3,mq_index,ASC,KEY
dbo,second_hand_item_key,second_hand_item_key_index,CLUSTERED,,yes,1,free_item#,ASC,KEY
dbo,security_group,security_group_index,CLUSTERED,,yes,1,security_group,ASC,KEY
dbo,selection,PK_SELECTION,CLUSTERED,,yes,1,selection,ASC,KEY
dbo,selfcheck_barred_burb_block,selfcheck_barred_burb_index,CLUSTERED,,yes,1,selfcheck_profile,ASC,KEY
dbo,selfcheck_barred_burb_block,selfcheck_barred_burb_index,CLUSTERED,,yes,2,location,ASC,KEY
dbo,selfcheck_barred_burb_block,selfcheck_barred_burb_index,CLUSTERED,,yes,3,block,ASC,KEY
dbo,selfcheck_barred_itype_cki,PK_selfcheck_barred_itype_cki,CLUSTERED,,yes,1,selfcheck_profile,ASC,KEY
dbo,selfcheck_barred_itype_cki,PK_selfcheck_barred_itype_cki,CLUSTERED,,yes,2,location,ASC,KEY
dbo,selfcheck_barred_itype_cki,PK_selfcheck_barred_itype_cki,CLUSTERED,,yes,3,itype,ASC,KEY
dbo,selfcheck_barred_itype_cko,PK_selfcheck_barred_itype_cko,CLUSTERED,,yes,1,selfcheck_profile,ASC,KEY
dbo,selfcheck_barred_itype_cko,PK_selfcheck_barred_itype_cko,CLUSTERED,,yes,2,location,ASC,KEY
dbo,selfcheck_barred_itype_cko,PK_selfcheck_barred_itype_cko,CLUSTERED,,yes,3,itype,ASC,KEY
dbo,selfcheck_cki_item_status,PK_selfcheck_cki_item_status,CLUSTERED,,yes,1,selfcheck_profile,ASC,KEY
dbo,selfcheck_cki_item_status,PK_selfcheck_cki_item_status,CLUSTERED,,yes,2,location,ASC,KEY
dbo,selfcheck_cki_item_status,PK_selfcheck_cki_item_status,CLUSTERED,,yes,3,item_status,ASC,KEY
dbo,selfcheck_cko_item_status,PK_selfcheck_cko_item_status,CLUSTERED,,yes,1,selfcheck_profile,ASC,KEY
dbo,selfcheck_cko_item_status,PK_selfcheck_cko_item_status,CLUSTERED,,yes,2,location,ASC,KEY
dbo,selfcheck_cko_item_status,PK_selfcheck_cko_item_status,CLUSTERED,,yes,3,item_status,ASC,KEY
dbo,selfcheck_control,PK_selfcheck_control,CLUSTERED,,yes,1,selfcheck_profile,ASC,KEY
dbo,selfcheck_control,PK_selfcheck_control,CLUSTERED,,yes,2,location,ASC,KEY
dbo,selfcheck_mag_media_itype,selfcheck_mag_media_index,CLUSTERED,,yes,1,selfcheck_profile,ASC,KEY
dbo,selfcheck_mag_media_itype,selfcheck_mag_media_index,CLUSTERED,,yes,2,location,ASC,KEY
dbo,selfcheck_mag_media_itype,selfcheck_mag_media_index,CLUSTERED,,yes,3,itype,ASC,KEY
dbo,selfcheck_media_type,selfcheck_media_type_index,CLUSTERED,,yes,1,media_type,ASC,KEY
dbo,selfcheck_message,selfcheck_message_index,CLUSTERED,,yes,1,selfcheck_profile,ASC,KEY
dbo,selfcheck_message,selfcheck_message_index,CLUSTERED,,yes,2,location,ASC,KEY
dbo,selfcheck_message,selfcheck_message_index,CLUSTERED,,yes,3,message_code,ASC,KEY
dbo,selfcheck_message_code,selfcheck_message_code_index,CLUSTERED,,yes,1,message_code,ASC,KEY
dbo,selfcheck_profile,PK_selfcheck_profile,CLUSTERED,,yes,1,selfcheck_profile,ASC,KEY
dbo,selfcheck_security_marker,selfcheck_securityM_index,CLUSTERED,,yes,1,security_marker,ASC,KEY
dbo,selfcheck_sort_bin,selfcheck_sort_bin_index,CLUSTERED,,yes,1,sort_bin,ASC,KEY
dbo,serial_route,serial_route_index,CLUSTERED,,yes,1,serial#,ASC,KEY
dbo,serial_route,serial_route_index,CLUSTERED,,yes,2,route,ASC,KEY
dbo,serial_route_borrower,serial_route_borrower_index,CLUSTERED,,yes,1,serial#,ASC,KEY
dbo,serial_route_borrower,serial_route_borrower_index,CLUSTERED,,yes,2,route,ASC,KEY
dbo,serial_route_borrower,serial_route_borrower_index,CLUSTERED,,yes,3,ord,ASC,KEY
dbo,serial_route_borrower,serobo_borrower#_index,NONCLUSTERED,,,1,borrower#,ASC,KEY
dbo,series,series_auth_index,NONCLUSTERED,,yes,1,auth#,ASC,KEY
dbo,series,series_index,CLUSTERED,,,1,processed,ASC,KEY
dbo,series,series_index,CLUSTERED,,,2,auth#,ASC,KEY
dbo,series_word,series_word_auth_index,NONCLUSTERED,,,1,auth#,ASC,KEY
dbo,series_word,series_word_index,CLUSTERED,,yes,1,word#,ASC,KEY
dbo,series_word,series_word_index,CLUSTERED,,yes,2,auth#,ASC,KEY
dbo,service,service_index,CLUSTERED,,yes,1,service_class,ASC,KEY
dbo,service,service_index,CLUSTERED,,yes,2,ord,ASC,KEY
dbo,service_class,service_class_index,CLUSTERED,,yes,1,service_class,ASC,KEY
dbo,sfxBibs,idx,NONCLUSTERED,,,1,bib#,ASC,KEY
dbo,shm_tmp,bib#,NONCLUSTERED,,,1,bib#,ASC,KEY
dbo,sms_control,sms_control_index,CLUSTERED,,yes,1,sms_control,ASC,KEY
dbo,sms_control_exception,sms_control_exception_index,CLUSTERED,,yes,1,sms_control,ASC,KEY
dbo,sms_control_exception,sms_control_exception_index,CLUSTERED,,yes,2,location,ASC,KEY
dbo,sms_notice,sms_notice_index,CLUSTERED,,yes,1,borrower#,ASC,KEY
dbo,sms_notice,sms_notice_index,CLUSTERED,,yes,2,ord,ASC,KEY
dbo,sms_notice,sms_notice_msg_index,NONCLUSTERED,,,1,borrower#,ASC,KEY
dbo,sms_notice,sms_notice_msg_index,NONCLUSTERED,,,2,sms_msg,ASC,KEY
dbo,sms_notice,sms_notice_msg_index,NONCLUSTERED,,,3,ord,ASC,KEY
dbo,sms_notice,sms_notice_timestamp,NONCLUSTERED,,,1,timestamp,ASC,KEY
dbo,sort_ligature,sort_lig_index,CLUSTERED,,,1,char,ASC,KEY
dbo,sort_order,sort_ord_index,CLUSTERED,,,1,string,ASC,KEY
dbo,sort_weight,sort_weight_entry_form_index,NONCLUSTERED,,yes,1,collation_sequence#,ASC,KEY
dbo,sort_weight,sort_weight_entry_form_index,NONCLUSTERED,,yes,2,entry_form,ASC,KEY
dbo,sort_weight,sort_weight_index,CLUSTERED,,yes,1,collation_sequence#,ASC,KEY
dbo,sort_weight,sort_weight_index,CLUSTERED,,yes,2,level_1,ASC,KEY
dbo,sort_weight,sort_weight_index,CLUSTERED,,yes,3,level_2,ASC,KEY
dbo,sort_weight,sort_weight_index,CLUSTERED,,yes,4,level_3,ASC,KEY
dbo,sort_weight,sort_weight_index,CLUSTERED,,yes,5,level_4,ASC,KEY
dbo,sort_weight,sort_weight_index,CLUSTERED,,yes,6,entry_form,ASC,KEY
dbo,sort_weight,sort_weight_lexical_unit_index,NONCLUSTERED,,yes,1,collation_sequence#,ASC,KEY
dbo,sort_weight,sort_weight_lexical_unit_index,NONCLUSTERED,,yes,2,lexical_unit,ASC,KEY
dbo,source_catalog,source_catalog_index,CLUSTERED,,yes,1,source_catalog,ASC,KEY
dbo,spine_breaker,spine_breaker_index,CLUSTERED,,yes,1,spine_breaker,ASC,KEY
dbo,ss_dec06,idx,NONCLUSTERED,,,1,bib#,ASC,KEY
dbo,stat_category,stat_category_index,CLUSTERED,,yes,1,stat_category,ASC,KEY
dbo,stat_data,stat_data_index,CLUSTERED,,yes,1,stat_subcategory,ASC,KEY
dbo,stat_data,stat_data_index,CLUSTERED,,yes,2,location,ASC,KEY
dbo,stat_data,stat_data_index,CLUSTERED,,yes,3,secondary_data,ASC,KEY
dbo,stat_data,stat_data_index,CLUSTERED,,yes,4,stat_data#,ASC,KEY
dbo,stat_ext_borr_loc_data,stat_ext_borr_loc_data_bindex,NONCLUSTERED,,,1,encrypted_borr#,ASC,KEY
dbo,stat_ext_borr_loc_data,stat_ext_borr_loc_data_index,CLUSTERED,,yes,1,ref_year,ASC,KEY
dbo,stat_ext_borr_loc_data,stat_ext_borr_loc_data_index,CLUSTERED,,yes,2,year,ASC,KEY
dbo,stat_ext_borr_loc_data,stat_ext_borr_loc_data_index,CLUSTERED,,yes,3,borr_loc,ASC,KEY
dbo,stat_ext_borr_loc_data,stat_ext_borr_loc_data_index,CLUSTERED,,yes,4,item_loc,ASC,KEY
dbo,stat_ext_borr_loc_data,stat_ext_borr_loc_data_index,CLUSTERED,,yes,5,encrypted_borr#,ASC,KEY
dbo,stat_ext_meta_borr,stat_ext_meta_borr_index,CLUSTERED,,yes,1,location,ASC,KEY
dbo,stat_ext_meta_borr,stat_ext_meta_borr_index,CLUSTERED,,yes,2,btype,ASC,KEY
dbo,stat_ext_meta_borr,stat_ext_meta_borr_index,CLUSTERED,,yes,3,age,ASC,KEY
dbo,stat_ext_meta_borr,stat_ext_meta_borr_index,CLUSTERED,,yes,4,zipcode,ASC,KEY
dbo,stat_ext_meta_borr,stat_ext_meta_borr_index,CLUSTERED,,yes,5,city_st,ASC,KEY
dbo,stat_ext_meta_borr,stat_ext_meta_borr_index,CLUSTERED,,yes,6,bstats,ASC,KEY
dbo,stat_ext_meta_borr,stat_ext_meta_borr_index,CLUSTERED,,yes,7,bcodes,ASC,KEY
dbo,stat_ext_meta_borr,stat_ext_meta_borr_mbindex,NONCLUSTERED,,yes,1,mb#,ASC,KEY
dbo,stat_ext_meta_borr_mult,stat_ext_meta_borr_mult_index,CLUSTERED,,yes,1,mb#,ASC,KEY
dbo,stat_ext_meta_borr_mult,stat_ext_meta_borr_mult_index,CLUSTERED,,yes,2,type_code,ASC,KEY
dbo,stat_ext_meta_borr_mult,stat_ext_meta_borr_mult_index,CLUSTERED,,yes,3,code,ASC,KEY
dbo,stat_ext_meta_item,stat_ext_meta_item_index,CLUSTERED,,yes,1,location,ASC,KEY
dbo,stat_ext_meta_item,stat_ext_meta_item_index,CLUSTERED,,yes,2,itype,ASC,KEY
dbo,stat_ext_meta_item,stat_ext_meta_item_index,CLUSTERED,,yes,3,collistat,ASC,KEY
dbo,stat_ext_meta_item,stat_ext_meta_item_index,CLUSTERED,,yes,4,callistat,ASC,KEY
dbo,stat_ext_meta_item,stat_ext_meta_item_miindex,NONCLUSTERED,,yes,1,mi#,ASC,KEY
dbo,stat_ext_stat,stat_ext_stat_index,CLUSTERED,,yes,1,ref_year,ASC,KEY
dbo,stat_ext_stat,stat_ext_stat_index,CLUSTERED,,yes,2,year,ASC,KEY
dbo,stat_ext_stat,stat_ext_stat_index,CLUSTERED,,yes,3,subdivision,ASC,KEY
dbo,stat_ext_stat,stat_ext_stat_index,CLUSTERED,,yes,4,mb#,ASC,KEY
dbo,stat_ext_stat,stat_ext_stat_index,CLUSTERED,,yes,5,mi#,ASC,KEY
dbo,stat_ext_stat,stat_ext_stat_mbindex,NONCLUSTERED,,,1,mb#,ASC,KEY
dbo,stat_ext_stat,stat_ext_stat_miindex,NONCLUSTERED,,,1,mi#,ASC,KEY
dbo,stat_extension_param,stat_ext_param_index,CLUSTERED,,yes,1,starting_month_year,ASC,KEY
dbo,stat_report,stat_report_index,CLUSTERED,,yes,1,stat_category,ASC,KEY
dbo,stat_report,stat_report_index,CLUSTERED,,yes,2,stat_subcategory,ASC,KEY
dbo,stat_report_ctl,stat_report_ctl_index,CLUSTERED,,yes,1,report,ASC,KEY
dbo,stat_summary,stat_summary_chron,NONCLUSTERED,,,1,year,ASC,KEY
dbo,stat_summary,stat_summary_chron,NONCLUSTERED,,,2,month,ASC,KEY
dbo,stat_summary,stat_summary_chron,NONCLUSTERED,,,3,stat_category,ASC,KEY
dbo,stat_summary,stat_summary_chron,NONCLUSTERED,,,4,location,ASC,KEY
dbo,stat_summary,stat_summary_chron,NONCLUSTERED,,,5,stat_subcategory,ASC,KEY
dbo,stat_summary,stat_summary_chron,NONCLUSTERED,,,6,code,ASC,KEY
dbo,stat_summary,stat_summary_circ_detail,NONCLUSTERED,,,1,stat_category,ASC,KEY
dbo,stat_summary,stat_summary_circ_detail,NONCLUSTERED,,,2,code,ASC,KEY
dbo,stat_summary,stat_summary_circ_detail,NONCLUSTERED,,,3,year,ASC,KEY
dbo,stat_summary,stat_summary_circ_detail,NONCLUSTERED,,,4,month,ASC,KEY
dbo,stat_summary,stat_summary_circ_detail,NONCLUSTERED,,,5,day,ASC,KEY
dbo,stat_summary,stat_summary_circ_detail,NONCLUSTERED,,,6,hour,ASC,KEY
dbo,stat_summary,stat_summary_index,CLUSTERED,,yes,1,stat_category,ASC,KEY
dbo,stat_summary,stat_summary_index,CLUSTERED,,yes,2,stat_subcategory,ASC,KEY
dbo,stat_summary,stat_summary_index,CLUSTERED,,yes,3,code,ASC,KEY
dbo,stat_summary,stat_summary_index,CLUSTERED,,yes,4,location,ASC,KEY
dbo,stat_summary,stat_summary_index,CLUSTERED,,yes,5,borrower_location,ASC,KEY
dbo,stat_summary,stat_summary_index,CLUSTERED,,yes,6,item_location,ASC,KEY
dbo,stat_summary,stat_summary_index,CLUSTERED,,yes,7,year,ASC,KEY
dbo,stat_summary,stat_summary_index,CLUSTERED,,yes,8,month,ASC,KEY
dbo,stat_summary,stat_summary_index,CLUSTERED,,yes,9,day,ASC,KEY
dbo,stat_summary,stat_summary_index,CLUSTERED,,yes,10,hour,ASC,KEY
dbo,stat_summary,stat_summary_index,CLUSTERED,,yes,11,day_of_week,ASC,KEY
dbo,statement,statement_comp_date_index,NONCLUSTERED,,,1,completion_date,ASC,KEY
dbo,statement,statement_comp_date_index,NONCLUSTERED,,,2,statement#,ASC,KEY
dbo,statement,statement_index,CLUSTERED,,yes,1,statement#,ASC,KEY
dbo,statement,statement_remaining_index,NONCLUSTERED,,,1,vendor#,ASC,KEY
dbo,statement,statement_remaining_index,NONCLUSTERED,,,2,statement_type,ASC,KEY
dbo,statement,statement_remaining_index,NONCLUSTERED,,,3,amount_remaining,ASC,KEY
dbo,statement,statement_type_index,NONCLUSTERED,,,1,statement_type,ASC,KEY
dbo,statement,statement_vendor_index,NONCLUSTERED,,yes,1,vendor#,ASC,KEY
dbo,statement,statement_vendor_index,NONCLUSTERED,,yes,2,statement_number,ASC,KEY
dbo,statement_budget,statement_budget_budget_index,NONCLUSTERED,,,1,budget,ASC,KEY
dbo,statement_budget,statement_budget_index,CLUSTERED,,yes,1,statement#,ASC,KEY
dbo,statement_budget,statement_budget_index,CLUSTERED,,yes,2,budget,ASC,KEY
dbo,statement_budget,statement_budget_voucher_index,NONCLUSTERED,,,1,voucher#,ASC,KEY
dbo,statement_check,statement_check_index,CLUSTERED,,yes,1,statement#,ASC,KEY
dbo,statement_check,statement_check_index,CLUSTERED,,yes,2,check_number,ASC,KEY
dbo,statement_extra_charge,statement_extra_charge_index,CLUSTERED,,yes,1,statement#,ASC,KEY
dbo,statement_extra_charge,statement_extra_charge_index,CLUSTERED,,yes,2,extra_charge_type,ASC,KEY
dbo,statement_extra_charge,statement_extra_charge_index,CLUSTERED,,yes,3,budget,ASC,KEY
dbo,statement_extra_charge,statement_extra_chrg_bud_index,NONCLUSTERED,,,1,budget,ASC,KEY
dbo,statement_extra_charge,statement_extra_chrg_vch_index,NONCLUSTERED,,,1,voucher#,ASC,KEY
dbo,statement_linker,statement_linker_credit_index,NONCLUSTERED,,,1,credit_memo#,ASC,KEY
dbo,statement_linker,statement_linker_index,NONCLUSTERED,,yes,1,invoice#,ASC,KEY
dbo,statement_linker,statement_linker_index,NONCLUSTERED,,yes,2,credit_memo#,ASC,KEY
dbo,statement_linker,statement_linker_index,NONCLUSTERED,,yes,3,voucher#,ASC,KEY
dbo,statement_linker,statement_linker_voucher_index,NONCLUSTERED,,,1,voucher#,ASC,KEY
dbo,stopword,stopword_index,CLUSTERED,,yes,1,word,ASC,KEY
dbo,subject,subject_auth_index,NONCLUSTERED,,yes,1,auth#,ASC,KEY
dbo,subject,subject_index,CLUSTERED,,,1,processed,ASC,KEY
dbo,subject,subject_index,CLUSTERED,,,2,auth#,ASC,KEY
dbo,subject_word,subject_word_auth_index,NONCLUSTERED,,,1,auth#,ASC,KEY
dbo,subject_word,subject_word_index,CLUSTERED,,yes,1,word#,ASC,KEY
dbo,subject_word,subject_word_index,CLUSTERED,,yes,2,auth#,ASC,KEY
dbo,subscription_period,subscription_period_index,CLUSTERED,,yes,1,subscription_period,ASC,KEY
dbo,sudoc_call,sudoc_call_index,CLUSTERED,,yes,1,processed,ASC,KEY
dbo,sudoc_call,sudoc_call_index,CLUSTERED,,yes,2,location,ASC,KEY
dbo,sudoc_call,sudoc_call_index,CLUSTERED,,yes,3,collection,ASC,KEY
dbo,sudoc_call,sudoc_call_index,CLUSTERED,,yes,4,bib#,ASC,KEY
dbo,sudoc_call,sudoc_call_item_index,NONCLUSTERED,,yes,1,item#,ASC,KEY
dbo,sun_column,sun_mq_column_index,CLUSTERED,,yes,1,table_name,ASC,KEY
dbo,sun_column,sun_mq_column_index,CLUSTERED,,yes,2,column_name,ASC,KEY
dbo,sun_column_code,sun_column_code_index,CLUSTERED,,yes,1,sun_column_code#,ASC,KEY
dbo,sun_column_restriction,PK_SUN_COL_RESTRICTION,CLUSTERED,,yes,1,sun_role#,ASC,KEY
dbo,sun_column_restriction,PK_SUN_COL_RESTRICTION,CLUSTERED,,yes,2,table_name,ASC,KEY
dbo,sun_column_restriction,PK_SUN_COL_RESTRICTION,CLUSTERED,,yes,3,column_name,ASC,KEY
dbo,sun_dictionary,sun_dictionary_idx,NONCLUSTERED,,yes,1,sun_dictionary#,ASC,KEY
dbo,sun_dictionary,sun_dictionary_name_idx,NONCLUSTERED,,yes,1,filename,ASC,KEY
dbo,sun_enum,PK_SUN_ENUM,CLUSTERED,,yes,1,sun_column_code#,ASC,KEY
dbo,sun_enum,PK_SUN_ENUM,CLUSTERED,,yes,2,enum_value,ASC,KEY
dbo,sun_group,PK_SUN_GROUP,CLUSTERED,,yes,1,sun_group#,ASC,KEY
dbo,sun_group_role,PK_SUN_GROUP_ROLE,CLUSTERED,,yes,1,sun_group#,ASC,KEY
dbo,sun_group_role,PK_SUN_GROUP_ROLE,CLUSTERED,,yes,2,sun_role#,ASC,KEY
dbo,sun_group_role,PK_SUN_GROUP_ROLE,CLUSTERED,,yes,3,owner#,ASC,KEY
dbo,sun_group_user,PK_SUN_GROUP_USER,CLUSTERED,,yes,1,sun_group#,ASC,KEY
dbo,sun_group_user,PK_SUN_GROUP_USER,CLUSTERED,,yes,2,user_id,ASC,KEY
dbo,sun_msg,sun_msg_idx,CLUSTERED,,yes,1,sun_msg#,ASC,KEY
dbo,sun_role,PK_SUN_ROLE,CLUSTERED,,yes,1,sun_role#,ASC,KEY
dbo,sun_service,PK_SUN_SERVICE,CLUSTERED,,yes,1,sun_service#,ASC,KEY
dbo,sun_service_menu,PK_SUN_SERVICE_MENU,CLUSTERED,,yes,1,sun_service_menu#,ASC,KEY
dbo,sun_service_menu,PK_SUN_SERVICE_MENU,CLUSTERED,,yes,2,pref_group#,ASC,KEY
dbo,sun_service_menu,PK_SUN_SERVICE_MENU,CLUSTERED,,yes,3,user_id,ASC,KEY
dbo,sun_service_msg_usage,sun_service_msg_usage_idx,CLUSTERED,,yes,1,service#,ASC,KEY
dbo,sun_service_msg_usage,sun_service_msg_usage_idx,CLUSTERED,,yes,2,sun_msg#,ASC,KEY
dbo,sun_table,sun_table_idx,NONCLUSTERED,,yes,1,table_name,ASC,KEY
dbo,sun_table_restriction,PK_SUN_TABLE_RESTRICTION,CLUSTERED,,yes,1,sun_role#,ASC,KEY
dbo,sun_table_restriction,PK_SUN_TABLE_RESTRICTION,CLUSTERED,,yes,2,table_name,ASC,KEY
dbo,syb_security,syb_security_index,CLUSTERED,,yes,1,user_group,ASC,KEY
dbo,syb_security,syb_security_index,CLUSTERED,,yes,2,type,ASC,KEY
dbo,syb_security,syb_security_index,CLUSTERED,,yes,3,object,ASC,KEY
dbo,syb_security,syb_security_index,CLUSTERED,,yes,4,column_name,ASC,KEY
dbo,syb_security,syb_security_index,CLUSTERED,,yes,5,permission,ASC,KEY
dbo,synaucon_changes,synaucon_changes_index,CLUSTERED,,yes,1,auth#,ASC,KEY
dbo,synch_exclude_column,synch_exclude_column_index,CLUSTERED,,yes,1,synch_server_db,ASC,KEY
dbo,synch_exclude_column,synch_exclude_column_index,CLUSTERED,,yes,2,table_name,ASC,KEY
dbo,synch_exclude_column,synch_exclude_column_index,CLUSTERED,,yes,3,exclude_column_name,ASC,KEY
dbo,synch_queue,synch_queue_index,NONCLUSTERED,,yes,1,synch_table,ASC,KEY
dbo,synch_queue,synch_queue_index,NONCLUSTERED,,yes,2,synch_operation,ASC,KEY
dbo,synch_queue,synch_queue_index,NONCLUSTERED,,yes,3,timestamp,ASC,KEY
dbo,synch_server_db,synch_server_db_index,CLUSTERED,,yes,1,synch_server_db,ASC,KEY
dbo,synch_server_db,synch_server_db_index,CLUSTERED,,yes,2,synch_server,ASC,KEY
dbo,synch_server_db,synch_server_db_index,CLUSTERED,,yes,3,synch_database,ASC,KEY
dbo,synch_table,synch_table_index,CLUSTERED,,yes,1,synch_server_db,ASC,KEY
dbo,synch_table,synch_table_index,CLUSTERED,,yes,2,table_name,ASC,KEY
dbo,tc_control,tc_control_index,CLUSTERED,,yes,1,location,ASC,KEY
dbo,tc_language,tc_language_index,CLUSTERED,,yes,1,tc_code,ASC,KEY
dbo,tc_language,tc_language_tc_ord_index,NONCLUSTERED,,yes,1,tc_ord,ASC,KEY
dbo,tc_message_code,tc_message_code_index,CLUSTERED,,yes,1,message_code,ASC,KEY
dbo,tc_phone_list_name,tc_phoneLstName_index,CLUSTERED,,yes,1,phone_list_name,ASC,KEY
dbo,tc_phone_notice,tc_phone_notice_index,CLUSTERED,,yes,1,borrower#,ASC,KEY
dbo,tc_phone_notice_his,tc_phoneNoticeHis_index,CLUSTERED,,yes,1,date_created,ASC,KEY
dbo,tc_phone_notice_his,tc_phoneNoticeHis_index,CLUSTERED,,yes,2,borrower#,ASC,KEY
dbo,tc_phone_notice_item,tc_phoneNoticeItem_index,CLUSTERED,,yes,1,borrower#,ASC,KEY
dbo,tc_phone_notice_item,tc_phoneNoticeItem_index,CLUSTERED,,yes,2,item#,ASC,KEY
dbo,tc_phone_notice_item_his,tc_phoneNoticeItemHis_index,CLUSTERED,,yes,1,date_created,ASC,KEY
dbo,tc_phone_notice_item_his,tc_phoneNoticeItemHis_index,CLUSTERED,,yes,2,borrower#,ASC,KEY
dbo,tc_phone_notice_item_his,tc_phoneNoticeItemHis_index,CLUSTERED,,yes,3,item#,ASC,KEY
dbo,tc_phone_notice_item_his,tc_pnItemHis_borrower#_index,NONCLUSTERED,,,1,borrower#,ASC,KEY
dbo,teacher,TEACHER_PK,CLUSTERED,,yes,1,teacher,ASC,KEY
dbo,temp_circ,ill_request_index,NONCLUSTERED,,,1,ill_request#,ASC,KEY
dbo,temp_circ,PK_circ,NONCLUSTERED,,yes,1,borrower#,ASC,KEY
dbo,temp_circ,PK_circ,NONCLUSTERED,,yes,2,item#,ASC,KEY
dbo,temp_circ,proxyborr_index,NONCLUSTERED,,,1,proxy_borrower#,ASC,KEY
dbo,temp_circ_longterm_history,clth_bib_index,NONCLUSTERED,,,1,bib#,ASC,KEY
dbo,temp_circ_longterm_history,clth_bib_index,NONCLUSTERED,,,2,circ_history#,ASC,KEY
dbo,temp_circ_longterm_history,clth_circ_index,NONCLUSTERED,,yes,1,circ#,ASC,KEY
dbo,temp_circ_longterm_history,clth_circ_index,NONCLUSTERED,,yes,2,borrower#,ASC,KEY
dbo,temp_circ_longterm_history,clth_circ_index,NONCLUSTERED,,yes,3,circ_history#,ASC,KEY
dbo,temp_circ_longterm_history,clth_ckidate_index,NONCLUSTERED,,,1,cki_date,ASC,KEY
dbo,temp_circ_longterm_history,clth_ckidate_index,NONCLUSTERED,,,2,cki_time,ASC,KEY
dbo,temp_circ_longterm_history,clth_ckidate_index,NONCLUSTERED,,,3,item#,ASC,KEY
dbo,temp_circ_longterm_history,clth_ckidate_index,NONCLUSTERED,,,4,borrower#,ASC,KEY
dbo,temp_circ_longterm_history,clth_ckidate_index,NONCLUSTERED,,,5,circ_history#,ASC,KEY
dbo,temp_circ_longterm_history,clth_ckodate_index,NONCLUSTERED,,,1,cko_date,ASC,KEY
dbo,temp_circ_longterm_history,clth_ckodate_index,NONCLUSTERED,,,2,cko_time,ASC,KEY
dbo,temp_circ_longterm_history,clth_ckodate_index,NONCLUSTERED,,,3,item#,ASC,KEY
dbo,temp_circ_longterm_history,clth_ckodate_index,NONCLUSTERED,,,4,borrower#,ASC,KEY
dbo,temp_circ_longterm_history,clth_ckodate_index,NONCLUSTERED,,,5,circ_history#,ASC,KEY
dbo,temp_circ_longterm_history,clth_history_index,NONCLUSTERED,,yes,1,circ_history#,ASC,KEY
dbo,temp_circ_longterm_history,clth_index,NONCLUSTERED,,yes,1,borrower#,ASC,KEY
dbo,temp_circ_longterm_history,clth_index,NONCLUSTERED,,yes,2,bib#,ASC,KEY
dbo,temp_circ_longterm_history,clth_index,NONCLUSTERED,,yes,3,circ_history#,ASC,KEY
dbo,temp_circ_longterm_history,clth_item_index,NONCLUSTERED,,,1,item#,ASC,KEY
dbo,temp_circ_longterm_history,clth_item_index,NONCLUSTERED,,,2,circ_history#,ASC,KEY
dbo,temp_exp_bibs,teb_idx,CLUSTERED,,yes,1,bib#,ASC,KEY
dbo,temp_item_circ_renewal,item_circ_renewal_item_index,NONCLUSTERED,,,1,item#,ASC,KEY
dbo,temp_item_circ_renewal,PK_item_circ_renewal,NONCLUSTERED,,yes,1,borrower#,ASC,KEY
dbo,temp_item_circ_renewal,PK_item_circ_renewal,NONCLUSTERED,,yes,2,item#,ASC,KEY
dbo,temp_item_circ_renewal,PK_item_circ_renewal,NONCLUSTERED,,yes,3,renewal#,ASC,KEY
dbo,title,title_bib_index,NONCLUSTERED,,yes,1,bib#,ASC,KEY
dbo,title,title_index,CLUSTERED,,,1,processed,ASC,KEY
dbo,title,title_index,CLUSTERED,,,2,bib#,ASC,KEY
dbo,title_inverted,title_inverted_bib_idx,NONCLUSTERED,,,1,bib#,ASC,KEY
dbo,title_inverted,title_inverted_idx,CLUSTERED,,yes,1,title,ASC,KEY
dbo,title_inverted,title_inverted_idx,CLUSTERED,,yes,2,bib#,ASC,KEY
dbo,title_word,title_word_bib#_index,NONCLUSTERED,,,1,bib#,ASC,KEY
dbo,title_word,title_word_word_index,NONCLUSTERED,,yes,1,word#,ASC,KEY
dbo,title_word,title_word_word_index,NONCLUSTERED,,yes,2,bib#,ASC,KEY
dbo,tmp_947,idx,NONCLUSTERED,,,1,bib#,ASC,KEY
dbo,tmp_947_050,idx,NONCLUSTERED,,,1,bib#,ASC,KEY
dbo,tmp_947_090,idx,NONCLUSTERED,,,1,bib#,ASC,KEY
dbo,tmp_947_099,idx,NONCLUSTERED,,,1,bib#,ASC,KEY
dbo,tmp_backstage,x_idx,CLUSTERED,,,1,bib#,ASC,KEY
dbo,tmp_backstage_sample,x_idx,CLUSTERED,,,1,bib#,ASC,KEY
dbo,tmp_backstage2,idx_x,CLUSTERED,,yes,1,bib#,ASC,KEY
dbo,tmp_backstage3,idx_x,CLUSTERED,,yes,1,bib#,ASC,KEY
dbo,tmp_bib_856_contributor2,idx,NONCLUSTERED,,,1,bib#,ASC,KEY
dbo,tmp_bib_856_description,idx,NONCLUSTERED,,,1,bib#,ASC,KEY
dbo,tmp_bib_856_toc,idx,NONCLUSTERED,,,1,bib#,ASC,KEY
dbo,tmp_bib_856_toc2,idx,NONCLUSTERED,,,1,bib#,ASC,KEY
dbo,tmp_bib_856_toc3,idx,NONCLUSTERED,,,1,bib#,ASC,KEY
dbo,tmp_bib_856_toc4,idx,NONCLUSTERED,,,1,bib#,ASC,KEY
dbo,tmp_bib_856_toc5,idx,NONCLUSTERED,,,1,bib#,ASC,KEY
dbo,tmp_bib_856_toc7,idx,NONCLUSTERED,,,1,bib#,ASC,KEY
dbo,tmp_bibRica,g_idx,CLUSTERED,,yes,1,BIB#,ASC,KEY
dbo,tmp_bibupdate4,idx,NONCLUSTERED,,,1,bib#,ASC,KEY
dbo,tmp_callOnline,x_idx,CLUSTERED,,,1,bib#,ASC,KEY
dbo,tmp_CCD,x_idx,CLUSTERED,,,1,bib#,ASC,KEY
dbo,tmp_CLD,x_idx,CLUSTERED,,,1,bib#,ASC,KEY
dbo,tmp_dupOnline,bib_idx,NONCLUSTERED,,,1,bib#,ASC,KEY
dbo,tmp_DVD,x_idx,CLUSTERED,,,1,bib#,ASC,KEY
dbo,tmp_earlybib1,bib_idx,CLUSTERED,,yes,1,bib#,ASC,KEY
dbo,tmp_GDF,x_idx,CLUSTERED,,,1,bib#,ASC,KEY
dbo,tmp_GDM,x_idx,CLUSTERED,,,1,bib#,ASC,KEY
dbo,tmp_MAP,x_idx,CLUSTERED,,,1,bib#,ASC,KEY
dbo,tmp_marcive_rejects,x_idx,CLUSTERED,,yes,1,bib#,ASC,KEY
dbo,tmp_marcive1,i_idx,CLUSTERED,,yes,1,bib#,ASC,KEY
dbo,tmp_oclc001,i_idx,CLUSTERED,,yes,1,bib#,ASC,KEY
dbo,tmp_pos,i_idx,NONCLUSTERED,,,1,bib#,ASC,KEY
dbo,tmp_RCD,x_idx,CLUSTERED,,,1,bib#,ASC,KEY
dbo,tmp_sersol,idx,NONCLUSTERED,,,1,bib#,ASC,KEY
dbo,tmp_SHM,x_idx,CLUSTERED,,,1,bib#,ASC,KEY
dbo,tmp_test1,idx,NONCLUSTERED,,,1,bib#,ASC,KEY
dbo,tmp_VCS,x_idx,CLUSTERED,,,1,bib#,ASC,KEY
dbo,tmpbib_byu,idx,NONCLUSTERED,,,1,bib#,ASC,KEY
dbo,top_circ_control,TOP_CIRC_CONTROL_PK,CLUSTERED,,yes,1,top_circ_control#,ASC,KEY
dbo,top_circ_detail,tcd_group_n_ckos_index,NONCLUSTERED,,,1,period#,ASC,KEY
dbo,top_circ_detail,tcd_group_n_ckos_index,NONCLUSTERED,,,2,collection_group,ASC,KEY
dbo,top_circ_detail,tcd_group_n_ckos_index,NONCLUSTERED,,,3,n_ckos,ASC,KEY
dbo,top_circ_detail,top_circ_detail_bib_index,NONCLUSTERED,,,1,bib#,ASC,KEY
dbo,top_circ_detail,TOP_CIRC_DETAIL_PK,NONCLUSTERED,,yes,1,period#,ASC,KEY
dbo,top_circ_detail,TOP_CIRC_DETAIL_PK,NONCLUSTERED,,yes,2,collection_group,ASC,KEY
dbo,top_circ_detail,TOP_CIRC_DETAIL_PK,NONCLUSTERED,,yes,3,bib#,ASC,KEY
dbo,top_circ_detail_period,top_circ_det_per_dates_index,NONCLUSTERED,,yes,1,start_date,ASC,KEY
dbo,top_circ_detail_period,top_circ_det_per_dates_index,NONCLUSTERED,,yes,2,end_date,ASC,KEY
dbo,top_circ_detail_period,TOP_CIRC_DETAIL_PERIOD_PK,CLUSTERED,,yes,1,period#,ASC,KEY
dbo,top_circ_summary,tcs_ranking_index,NONCLUSTERED,,,1,period#,ASC,KEY
dbo,top_circ_summary,tcs_ranking_index,NONCLUSTERED,,,2,collection_group,ASC,KEY
dbo,top_circ_summary,tcs_ranking_index,NONCLUSTERED,,,3,ranking,ASC,KEY
dbo,top_circ_summary,top_circ_summary_bib_index,NONCLUSTERED,,,1,bib#,ASC,KEY
dbo,top_circ_summary,TOP_CIRC_SUMMARY_PK,NONCLUSTERED,,yes,1,period#,ASC,KEY
dbo,top_circ_summary,TOP_CIRC_SUMMARY_PK,NONCLUSTERED,,yes,2,collection_group,ASC,KEY
dbo,top_circ_summary,TOP_CIRC_SUMMARY_PK,NONCLUSTERED,,yes,3,bib#,ASC,KEY
dbo,top_circ_summary_period,top_circ_summ_per_dates_index,NONCLUSTERED,,yes,1,start_date,ASC,KEY
dbo,top_circ_summary_period,top_circ_summ_per_dates_index,NONCLUSTERED,,yes,2,end_date,ASC,KEY
dbo,top_circ_summary_period,TOP_CIRC_SUMMARY_PERIOD_PK,CLUSTERED,,yes,1,period#,ASC,KEY
dbo,trq_display_info,trq_display_info_index,CLUSTERED,,yes,1,marc_map1,ASC,KEY
dbo,ucs2_to_display,ucs2_to_display_index,CLUSTERED,,yes,1,ucs2,ASC,KEY
dbo,udc_call,udc_call_index,CLUSTERED,,yes,1,processed,ASC,KEY
dbo,udc_call,udc_call_index,CLUSTERED,,yes,2,location,ASC,KEY
dbo,udc_call,udc_call_index,CLUSTERED,,yes,3,collection,ASC,KEY
dbo,udc_call,udc_call_index,CLUSTERED,,yes,4,bib#,ASC,KEY
dbo,udc_call,udc_call_item_index,NONCLUSTERED,,yes,1,item#,ASC,KEY
dbo,udc_marc,udc_marc_bib_index,NONCLUSTERED,,,1,bib#,ASC,KEY
dbo,udc_marc,udc_marc_index,CLUSTERED,,,1,processed,ASC,KEY
dbo,udc_marc,udc_marc_index,CLUSTERED,,,2,id#,ASC,KEY
dbo,udc_marc,udc_marc_row_id_index,NONCLUSTERED,,yes,1,id#,ASC,KEY
dbo,unicode_browse_prc_map,unicode_browse_prc_map_index,CLUSTERED,,yes,1,input_char,ASC,KEY
dbo,unicode_data,unicode_data_index,NONCLUSTERED,,yes,1,code_value,ASC,KEY
dbo,uniform,uniform_auth_index,NONCLUSTERED,,,1,auth#,ASC,KEY
dbo,uniform,uniform_bib_index,NONCLUSTERED,,,1,bib#,ASC,KEY
dbo,uniform,uniform_id_index,NONCLUSTERED,,yes,1,id#,ASC,KEY
dbo,uniform,uniform_index,CLUSTERED,,yes,1,processed,ASC,KEY
dbo,uniform,uniform_index,CLUSTERED,,yes,2,id#,ASC,KEY
dbo,union_inverted,union_inverted_bib_index,NONCLUSTERED,,,1,bib#,ASC,KEY
dbo,union_inverted,union_inverted_index,CLUSTERED,,yes,1,union_processed,ASC,KEY
dbo,union_inverted,union_inverted_index,CLUSTERED,,yes,2,bib#,ASC,KEY
dbo,upgrade_log,upgrade_log_index,CLUSTERED,,yes,1,creation_date,ASC,KEY
dbo,upgrade_log,upgrade_log_index,CLUSTERED,,yes,2,name,ASC,KEY
dbo,upgrade_log,upgrade_log_index,CLUSTERED,,yes,3,object_name,ASC,KEY
dbo,upgrade_space_estimate,PK_upgrade_space_estimate,CLUSTERED,,yes,1,table_name,ASC,KEY
dbo,usage_stat,usage_stat_15884089281,CLUSTERED,,yes,1,bib#,ASC,KEY
dbo,usage_stat,usage_stat_15884089281,CLUSTERED,,yes,2,location,ASC,KEY
dbo,usage_stat,usage_stat_15884089281,CLUSTERED,,yes,3,period#,ASC,KEY
dbo,usage_stat,usage_stat_15884089281,CLUSTERED,,yes,4,stat_type,ASC,KEY
dbo,usage_stat,usage_stat_period_index,NONCLUSTERED,,,1,period#,ASC,KEY
dbo,usage_stat_period,usage_stat_period_15564088141,CLUSTERED,,yes,1,period#,ASC,KEY
dbo,usage_stat_period,usage_stat_start__15564088142,NONCLUSTERED,,yes,1,start_date,ASC,KEY
dbo,user_group,user_group_index,CLUSTERED,,yes,1,user_group,ASC,KEY
dbo,user_id,PK_USER_ID,CLUSTERED,,yes,1,user_id,ASC,KEY
dbo,user_id,second_user_id_index,NONCLUSTERED,,,1,second_user_id,ASC,KEY
dbo,user_lock_history,PK_user_lock_history,CLUSTERED,,yes,1,user_id,ASC,KEY
dbo,user_password_history,PK_user_password_history,CLUSTERED,,yes,1,user_id,ASC,KEY
dbo,user_password_history,PK_user_password_history,CLUSTERED,,yes,2,ord,ASC,KEY
dbo,vcs_title,vcs_title_bib#_index,NONCLUSTERED,,,1,bib#,ASC,KEY
dbo,vcs_title,vcs_title_index,CLUSTERED,,,1,processed,ASC,KEY
dbo,vcs_title,vcs_title_index,CLUSTERED,,,2,id#,ASC,KEY
dbo,vcs_title,vcs_title_row_id_index,NONCLUSTERED,,yes,1,id#,ASC,KEY
dbo,VCSNoCall,idx,NONCLUSTERED,,,1,bib#,ASC,KEY
dbo,vendor,vendor_index,CLUSTERED,,yes,1,vendor#,ASC,KEY
dbo,vendor,vendor_vendor_index,NONCLUSTERED,,,1,vendor,ASC,KEY
dbo,vendor_address,vendor_address_index,CLUSTERED,,yes,1,vendor#,ASC,KEY
dbo,vendor_address,vendor_address_index,CLUSTERED,,yes,2,ord,ASC,KEY
dbo,vendor_contract,vendor_contract_index,CLUSTERED,,yes,1,vendor#,ASC,KEY
dbo,vendor_contract,vendor_contract_index,CLUSTERED,,yes,2,vendor_contract,ASC,KEY
dbo,VHS_bib,idx,NONCLUSTERED,,,1,bib#,ASC,KEY
dbo,view_name_primary_table,view_name_index,NONCLUSTERED,,yes,1,view_name,ASC,KEY
dbo,view_set,view_set_index,CLUSTERED,,yes,1,view_set,ASC,KEY
dbo,vip_configuration,PK_VIP_CONFIGURATION,CLUSTERED,,yes,1,vip_configuration,ASC,KEY
dbo,voucher,voucher_index,CLUSTERED,,yes,1,voucher#,ASC,KEY
dbo,vse_delta_pending,PK_vse_delta_pending,NONCLUSTERED,,yes,1,vse_delta_pending#,ASC,KEY
dbo,vse_delta_pending,vse_delta_pending_index,NONCLUSTERED,,,1,vse_timestamp,ASC,KEY
dbo,vse_delta_time,PKvse_delta_time,CLUSTERED,,yes,1,vse_server_id,ASC,KEY
dbo,withdraw_instruction,withdraw_instruction_index,CLUSTERED,,yes,1,withdraw_instruction,ASC,KEY
dbo,word,word_index,NONCLUSTERED,,yes,1,word,ASC,KEY
dbo,word,word_word#_index,NONCLUSTERED,,yes,1,word#,ASC,KEY
dbo,word,word_word#_index,NONCLUSTERED,,yes,2,wordord,ASC,KEY
dbo,word_index,name_index,NONCLUSTERED,,yes,1,name,ASC,KEY
dbo,word_index,word_index_id_index,CLUSTERED,,yes,1,word_index#,ASC,KEY
dbo,word_index_filter,word_index_filter_id_index,CLUSTERED,,yes,1,word_index_filter_id,ASC,KEY
dbo,word_index_filter,word_index_filter_index,NONCLUSTERED,,yes,1,word_index#,ASC,KEY
dbo,word_index_filter,word_index_filter_index,NONCLUSTERED,,yes,2,prefix,ASC,KEY
dbo,word_index_filter,word_index_filter_index,NONCLUSTERED,,yes,3,group_limit_id,ASC,KEY
dbo,word_index_pending,PK_word_index_pending,NONCLUSTERED,,yes,1,SerialNum,ASC,KEY
dbo,word_index_pending,wi_pending_action_index,NONCLUSTERED,,,1,Action,ASC,KEY
dbo,word_index_pending,wi_pending_recnum_index,NONCLUSTERED,,,1,RecNum,ASC,KEY
dbo,word_index_pending,wi_pending_unique_index,NONCLUSTERED,,yes,1,RecNum,ASC,KEY
dbo,word_index_pending,wi_pending_unique_index,NONCLUSTERED,,yes,2,RecType,ASC,KEY
dbo,word_index_pending,wi_pending_unique_index,NONCLUSTERED,,yes,3,Action,ASC,KEY
dbo,word_index_search,word_index_search_id_index,CLUSTERED,,yes,1,word_index_search_id,ASC,KEY
dbo,word_index_sort,word_index_sort_index,CLUSTERED,,yes,1,word_index#,ASC,KEY
dbo,word_index_sort,word_index_sort_index,CLUSTERED,,yes,2,sort_field,ASC,KEY
dbo,workform,workform_index,CLUSTERED,,yes,1,bib#,ASC,KEY
dbo,workform,workform_index,CLUSTERED,,yes,2,tag,ASC,KEY
dbo,workform,workform_index,CLUSTERED,,yes,3,tagord,ASC,KEY
dbo,workform,workform_tag_index,NONCLUSTERED,,,1,bib#,ASC,KEY
dbo,workform,workform_tag_index,NONCLUSTERED,,,2,tag,ASC,KEY
dbo,workform_code,workform_code_index,CLUSTERED,,yes,1,workform_code,ASC,KEY
dbo,workform_code,workform_code_key_index,NONCLUSTERED,,yes,1,workform_type,ASC,KEY
dbo,workform_code,workform_code_key_index,NONCLUSTERED,,yes,2,workform_key,ASC,KEY
dbo,workform_control,workform_control_index,CLUSTERED,,yes,1,bib#,ASC,KEY
dbo,workslip_batch,PK_BATCH#,CLUSTERED,,yes,1,workslip_batch#,ASC,KEY
dbo,workslip_batch_po_line_item,PK_POLI,CLUSTERED,,yes,1,po#,ASC,KEY
dbo,workslip_batch_po_line_item,PK_POLI,CLUSTERED,,yes,2,line,ASC,KEY
dbo,workslip_batch_po_line_item,PK_POLI,CLUSTERED,,yes,3,item,ASC,KEY
dbo,x12_media_type,x12_media_type_index,CLUSTERED,,yes,1,x12_media_type,ASC,KEY
dbo,z39_50_database,z39_50_database_index,CLUSTERED,,yes,1,server_name,ASC,KEY
dbo,z39_50_database,z39_50_database_index,CLUSTERED,,yes,2,database_name,ASC,KEY
dbo,z39_50_db_attr_info,z39_50_db_attr_info_index,CLUSTERED,,yes,1,server_name,ASC,KEY
dbo,z39_50_db_attr_info,z39_50_db_attr_info_index,CLUSTERED,,yes,2,database_name,ASC,KEY
dbo,z39_50_db_attr_info,z39_50_db_attr_info_index,CLUSTERED,,yes,3,ord,ASC,KEY
dbo,z39_50_server_configuration,z39_50_server_config_index,CLUSTERED,,yes,1,server_name,ASC,KEY
dbo,z39_50_server_info,z39_50_server_info_index,CLUSTERED,,yes,1,server_name,ASC,KEY
dbo,z39_50_use_attr,z39_50_use_attr_index,CLUSTERED,,yes,1,z39_50_use_attr,ASC,KEY
